date,market,Eggs (local),Tomatoes (local),duplicate
2020-07-15,Tedim Municipal Market,1250,1250,TRUE
2020-07-15,Tonzang,1430,1430,TRUE
2020-07-15,Hakha Myoma Market,1250,1250,TRUE
2020-07-15,Raldunn Market,1250,1250,TRUE
2020-07-15,Matupi,1250,1250,TRUE
2020-07-15,Paletwa Myoma Market,2500,2500,TRUE
2020-07-15,Sanbaung,1250,1250,TRUE
2020-07-15,Kanpetlet,1250,1250,TRUE
2020-07-15,Mindat Myoma Market,1000,1000,TRUE
2020-07-15,Loijie,1100,1100,TRUE
2020-07-15,Man Wein Gyi,1000,1000,TRUE
2020-07-15,Mansi,1125,1125,TRUE
2020-07-15,Momauk,1200,1200,TRUE
2020-07-15,Hpakant Market,1340,1340,TRUE
2020-07-15,Mogaung Market,900,900,TRUE
2020-07-15,Chipwi Market,1000,1000,TRUE
2020-07-15,Sadung,1000,1000,TRUE
2020-07-15,Sanpya ward,1200,1200,TRUE
2020-07-15,Tanai Market,1000,1000,TRUE
2020-07-15,Waingmaw,900,900,TRUE
2020-07-15,Hpasaung,1150,1150,TRUE
2020-07-15,Shadaw,1220,1220,TRUE
2020-07-15,Thiri Mingalar Market,1050,1050,TRUE
2020-07-15,Hlaing Bwe Myo Ma market,1225,1225,TRUE
2020-07-15,Yae Baw Market,1225,1225,TRUE
2020-07-15,KawKareik Myo Ma Market,1275,1275,TRUE
2020-07-15,Ba Yint Naung,1266.67,1266.67,TRUE
2020-07-15,Kanthar,1200,1200,TRUE
2020-07-15,Minbu Myo Ma Market,1200,1200,TRUE
2020-07-15,Pakokku Myo Ma Market,1050,1050,TRUE
2020-07-15,Mya Thida,1200,1200,TRUE
2020-07-15,Shwe Hin Tar,1200,1200,TRUE
2020-07-15,TBZY Myo Ma Zay,1200,1200,TRUE
2020-07-15,Zay Cho,1200,1200,TRUE
2020-07-15,Bilin Myo Ma Market,1200,1200,TRUE
2020-07-15,Thaton Myo Ma Zay,1200,1200,TRUE
2020-07-15,Kyauk Ta Lone,1275,1275,TRUE
2020-07-15,Buthidaung,1434,1434,TRUE
2020-07-15,Ka Nyin Tan,1483.33,1483.33,TRUE
2020-07-15,Nyaung Chung,1500,1500,TRUE
2020-07-15,Kin Seik,1250,1250,TRUE
2020-07-15,Laung Kyet,1500,1500,TRUE
2020-07-15,Myebon Main,1500,1500,TRUE
2020-07-15,Paung Toke,1500,1500,TRUE
2020-07-15,Ah Nauk Pyin,1566.67,1566.67,TRUE
2020-07-15,Kyaukpyu Main,1200,1200,TRUE
2020-07-15,Kyein Ni Pyin,1428,1428,TRUE
2020-07-15,Nyaung Pin Gyi,2000,2000,TRUE
2020-07-15,Rathedaung,1200,1200,TRUE
2020-07-15,Sin Tet Maw,1633.5,1633.5,TRUE
2020-07-15,Thae Chaung,1225,1225,TRUE
2020-07-15,Thet Kay Pyin,1339,1339,TRUE
2020-07-15,Lahe,1650,1650,TRUE
2020-07-15,Mingalar market,1200,1200,TRUE
2020-07-15,Municipal,1000,1000,TRUE
2020-07-15,Myoma,1500,1500,TRUE
2020-07-15,Mong Pawk,2000,2000,TRUE
2020-07-15,Lin Haw,1393,1393,TRUE
2020-07-15,Galeng,1200,1200,TRUE
2020-07-15,Lashio Market,1000,1000,TRUE
2020-07-15,Laukkaing,1600,1600,TRUE
2020-07-15,Dein Aw,2000,2000,TRUE
2020-07-15,Nawng Hkit,1393,1393,TRUE
2020-07-15,Kutkai,1100,1100,TRUE
2020-07-15,Mong See,1000,1000,TRUE
2020-07-15,Namhkam Market,1000,1000,TRUE
2020-07-15,Kan Nar Market,1220,1220,TRUE
2020-07-15,Yebyu Market,1216.67,1216.67,TRUE
2020-08-15,Tedim Municipal Market,1250,1250,TRUE
2020-08-15,Tonzang,1370,1370,TRUE
2020-08-15,Hakha Myoma Market,1250,1250,TRUE
2020-08-15,Raldunn Market,1250,1250,TRUE
2020-08-15,Matupi,1250,1250,TRUE
2020-08-15,Paletwa Myoma Market,2500,2500,TRUE
2020-08-15,Sanbaung,1250,1250,TRUE
2020-08-15,Kanpetlet,1250,1250,TRUE
2020-08-15,Mindat Myoma Market,1000,1000,TRUE
2020-08-15,Bhamo Market,1250,1250,TRUE
2020-08-15,Man Wein Gyi,1300,1300,TRUE
2020-08-15,Mansi,1250,1250,TRUE
2020-08-15,Momauk,1200,1200,TRUE
2020-08-15,Hpakant Market,1340,1340,TRUE
2020-08-15,Sadung,1287.5,1287.5,TRUE
2020-08-15,Sanpya ward,1300,1300,TRUE
2020-08-15,Tanai Market,1300,1300,TRUE
2020-08-15,Hpasaung,1250,1250,TRUE
2020-08-15,Shadaw,1250,1250,TRUE
2020-08-15,Thiri Mingalar Market,1200,1200,TRUE
2020-08-15,KawKareik Myo Ma Market,1300,1300,TRUE
2020-08-15,Ba Yint Naung,1500,1500,TRUE
2020-08-15,Kanthar,1200,1200,TRUE
2020-08-15,Minbu Myo Ma Market,1200,1200,TRUE
2020-08-15,Pakokku Myo Ma Market,1150,1150,TRUE
2020-08-15,Mya Thida,1200,1200,TRUE
2020-08-15,Shwe Hin Tar,1200,1200,TRUE
2020-08-15,TBZY Myo Ma Zay,1200,1200,TRUE
2020-08-15,Zay Cho,1200,1200,TRUE
2020-08-15,Bilin Myo Ma Market,1200,1200,TRUE
2020-08-15,Thaton Myo Ma Zay,1200,1200,TRUE
2020-08-15,Kyauk Ta Lone,1500,1500,TRUE
2020-08-15,Buthidaung,1450,1450,TRUE
2020-08-15,Ka Nyin Tan,1480,1480,TRUE
2020-08-15,Nyaung Chung,1500,1500,TRUE
2020-08-15,Ahpauk Wa,1250,1250,TRUE
2020-08-15,Kin Seik,1250,1250,TRUE
2020-08-15,Laung Kyet,1200,1200,TRUE
2020-08-15,Minbya Main,1150,1150,TRUE
2020-08-15,Myebon Main,1400,1400,TRUE
2020-08-15,Paung Toke,1200,1200,TRUE
2020-08-15,Ah Nauk Pyin,1550,1550,TRUE
2020-08-15,Ah Nauk Ywe,1700,1700,TRUE
2020-08-15,Kyaukpyu Main,1500,1500,TRUE
2020-08-15,Kyein Ni Pyin,1850,1850,TRUE
2020-08-15,Nget Chaung,1700,1700,TRUE
2020-08-15,Nyaung Pin Gyi,2000,2000,TRUE
2020-08-15,Rathedaung,1200,1200,TRUE
2020-08-15,Sin Tet Maw,1700,1700,TRUE
2020-08-15,Thae Chaung,1300,1300,TRUE
2020-08-15,Thet Kay Pyin,1250,1250,TRUE
2020-08-15,Toungup Main,1200,1200,TRUE
2020-08-15,Lahe,1650,1650,TRUE
2020-08-15,Mingalar market,1250,1250,TRUE
2020-08-15,Municipal,1666,1666,TRUE
2020-08-15,Myoma,1500,1500,TRUE
2020-08-15,Mong Pawk,1500,1500,TRUE
2020-08-15,Ban Wai,1320,1320,TRUE
2020-08-15,Lin Haw,1320.5,1320.5,TRUE
2020-08-15,Galeng,1200,1200,TRUE
2020-08-15,Lashio Market,1000,1000,TRUE
2020-08-15,Laukkaing,1700,1700,TRUE
2020-08-15,Dein Aw,1500,1500,TRUE
2020-08-15,Nawng Hkit,1320,1320,TRUE
2020-08-15,Kutkai,1166.67,1166.67,TRUE
2020-08-15,Mong See,1200,1200,TRUE
2020-08-15,Namhkam Market,1000,1000,TRUE
2020-08-15,Kan Nar Market,1200,1200,TRUE
2020-08-15,Yebyu Market,1216.67,1216.67,TRUE
2020-09-15,Tedim Municipal Market,1358,1358,TRUE
2020-09-15,Tonzang,1430,1430,TRUE
2020-09-15,Hakha Myoma Market,1250,1250,TRUE
2020-09-15,Raldunn Market,1250,1250,TRUE
2020-09-15,Matupi,1250,1250,TRUE
2020-09-15,Sanbaung,1250,1250,TRUE
2020-09-15,Kanpetlet,1250,1250,TRUE
2020-09-15,Mindat Myoma Market,1000,1000,TRUE
2020-09-15,Bhamo Market,1233.33,1233.33,TRUE
2020-09-15,Loijie,1400,1400,TRUE
2020-09-15,Man Wein Gyi,1300,1300,TRUE
2020-09-15,Mansi,1250,1250,TRUE
2020-09-15,Momauk,1200,1200,TRUE
2020-09-15,Hpakant Market,1430,1430,TRUE
2020-09-15,Sadung,1400,1400,TRUE
2020-09-15,Sanpya ward,1260,1260,TRUE
2020-09-15,Tanai Market,1266.67,1266.67,TRUE
2020-09-15,Hpasaung,1225,1225,TRUE
2020-09-15,Shadaw,1250,1250,TRUE
2020-09-15,Thiri Mingalar Market,1200,1200,TRUE
2020-09-15,KawKareik Myo Ma Market,1300,1300,TRUE
2020-09-15,Kanthar,1200,1200,TRUE
2020-09-15,Minbu Myo Ma Market,1200,1200,TRUE
2020-09-15,Pakokku Myo Ma Market,1150,1150,TRUE
2020-09-15,Mya Thida,1200,1200,TRUE
2020-09-15,Shwe Hin Tar,1200,1200,TRUE
2020-09-15,TBZY Myo Ma Zay,1200,1200,TRUE
2020-09-15,Zay Cho,1200,1200,TRUE
2020-09-15,Bilin Myo Ma Market,1200,1200,TRUE
2020-09-15,Thaton Myo Ma Zay,1200,1200,TRUE
2020-09-15,Kyauk Ta Lone,1500,1500,TRUE
2020-09-15,Buthidaung,1450,1450,TRUE
2020-09-15,Ka Nyin Tan,1458.33,1458.33,TRUE
2020-09-15,Nyaung Chung,1500,1500,TRUE
2020-09-15,Ahpauk Wa,2000,2000,TRUE
2020-09-15,Kin Seik,1250,1250,TRUE
2020-09-15,Laung Kyet,1300,1300,TRUE
2020-09-15,Minbya Main,1233.33,1233.33,TRUE
2020-09-15,Paung Toke,1200,1200,TRUE
2020-09-15,Ah Nauk Ywe,1700,1700,TRUE
2020-09-15,Kyaukpyu Main,1300,1300,TRUE
2020-09-15,Nget Chaung,1700,1700,TRUE
2020-09-15,Nyaung Pin Gyi,1420,1420,TRUE
2020-09-15,Rathedaung,1420,1420,TRUE
2020-09-15,Sin Tet Maw,2000,2000,TRUE
2020-09-15,Thae Chaung,1400,1400,TRUE
2020-09-15,Toungup Main,1350,1350,TRUE
2020-09-15,Lahe,1650,1650,TRUE
2020-09-15,Mingalar market,1250,1250,TRUE
2020-09-15,Municipal,1667,1667,TRUE
2020-09-15,Myoma,1575,1575,TRUE
2020-09-15,Mong Pawk,1500,1500,TRUE
2020-09-15,Ban Wai,1320,1320,TRUE
2020-09-15,Lin Haw,1320,1320,TRUE
2020-09-15,Galeng,1200,1200,TRUE
2020-09-15,Lashio Market,1000,1000,TRUE
2020-09-15,Dein Aw,1500,1500,TRUE
2020-09-15,Nawng Hkit,1320,1320,TRUE
2020-09-15,Kutkai,1200,1200,TRUE
2020-09-15,Mong See,1200,1200,TRUE
2020-09-15,Namhkam Market,1000,1000,TRUE
2020-09-15,Kan Nar Market,1200,1200,TRUE
2020-09-15,Yebyu Market,1200,1200,TRUE
2020-10-15,Tedim Municipal Market,1358,1358,TRUE
2020-10-15,Tonzang,1430,1430,TRUE
2020-10-15,Hakha Myoma Market,1250,1250,TRUE
2020-10-15,Raldunn Market,1250,1250,TRUE
2020-10-15,Paletwa Myoma Market,5000,5000,TRUE
2020-10-15,Sanbaung,1250,1250,TRUE
2020-10-15,Kanpetlet,1250,1250,TRUE
2020-10-15,Mindat Myoma Market,1000,1000,TRUE
2020-10-15,Bhamo Market,1100,1100,TRUE
2020-10-15,Loijie,1400,1400,TRUE
2020-10-15,Man Wein Gyi,1200,1200,TRUE
2020-10-15,Mansi,1275,1275,TRUE
2020-10-15,Momauk,1200,1200,TRUE
2020-10-15,Hpakant Market,1450,1450,TRUE
2020-10-15,Chipwi Market,1500,1500,TRUE
2020-10-15,Sadung,1200,1200,TRUE
2020-10-15,Sanpya ward,1300,1300,TRUE
2020-10-15,Tanai Market,1326.67,1326.67,TRUE
2020-10-15,Waingmaw,1300,1300,TRUE
2020-10-15,Hpasaung,1250,1250,TRUE
2020-10-15,Shadaw,1250,1250,TRUE
2020-10-15,Thiri Mingalar Market,1200,1200,TRUE
2020-10-15,Kanthar,1200,1200,TRUE
2020-10-15,Minbu Myo Ma Market,1200,1200,TRUE
2020-10-15,Pakokku Myo Ma Market,1150,1150,TRUE
2020-10-15,Mya Thida,1200,1200,TRUE
2020-10-15,Shwe Hin Tar,1200,1200,TRUE
2020-10-15,TBZY Myo Ma Zay,1200,1200,TRUE
2020-10-15,Zay Cho,1200,1200,TRUE
2020-10-15,Bilin Myo Ma Market,1200,1200,TRUE
2020-10-15,Thaton Myo Ma Zay,1200,1200,TRUE
2020-10-15,Buthidaung,1438,1438,TRUE
2020-10-15,Ka Nyin Tan,1450,1450,TRUE
2020-10-15,Nyaung Chung,1500,1500,TRUE
2020-10-15,Ahpauk Wa,2000,2000,TRUE
2020-10-15,Kin Seik,1250,1250,TRUE
2020-10-15,Laung Kyet,1300,1300,TRUE
2020-10-15,Myebon Main,1375,1375,TRUE
2020-10-15,Paung Toke,1400,1400,TRUE
2020-10-15,Ah Nauk Pyin,2000,2000,TRUE
2020-10-15,Ah Nauk Ywe,2000,2000,TRUE
2020-10-15,Kyaukpyu Main,2000,2000,TRUE
2020-10-15,Kyein Ni Pyin,2000,2000,TRUE
2020-10-15,Nget Chaung,2000,2000,TRUE
2020-10-15,Rathedaung,1500,1500,TRUE
2020-10-15,Sin Tet Maw,2000,2000,TRUE
2020-10-15,Thae Chaung,1250,1250,TRUE
2020-10-15,Thet Kay Pyin,1400,1400,TRUE
2020-10-15,Toungup Main,1400,1400,TRUE
2020-10-15,Lahe,1650,1650,TRUE
2020-10-15,Mingalar market,1350,1350,TRUE
2020-10-15,Municipal,1670,1670,TRUE
2020-10-15,Myoma,1575,1575,TRUE
2020-10-15,Mong Pawk,1267,1267,TRUE
2020-10-15,Ban Wai,1313,1313,TRUE
2020-10-15,Lin Haw,1294,1294,TRUE
2020-10-15,Galeng,1500,1500,TRUE
2020-10-15,Lashio Market,1200,1200,TRUE
2020-10-15,Laukkaing,1700,1700,TRUE
2020-10-15,Dein Aw,1267,1267,TRUE
2020-10-15,Nawng Hkit,1294,1294,TRUE
2020-10-15,Kutkai,1400,1400,TRUE
2020-10-15,Mong See,1200,1200,TRUE
2020-10-15,Namhkam Market,1250,1250,TRUE
2020-10-15,Kan Nar Market,1200,1200,TRUE
2020-10-15,Yebyu Market,1250,1250,TRUE
2020-11-15,Tedim Municipal Market,1358,1358,TRUE
2020-11-15,Tonzang,1430,1430,TRUE
2020-11-15,Hakha Myoma Market,1250,1250,TRUE
2020-11-15,Raldunn Market,1250,1250,TRUE
2020-11-15,Matupi,1309.67,1309.67,TRUE
2020-11-15,Paletwa Myoma Market,2857.14,2857.14,TRUE
2020-11-15,Sanbaung,1250,1250,TRUE
2020-11-15,Kanpetlet,1250,1250,TRUE
2020-11-15,Mindat Myoma Market,1000,1000,TRUE
2020-11-15,Bhamo Market,1100,1100,TRUE
2020-11-15,Loijie,1400,1400,TRUE
2020-11-15,Man Wein Gyi,1300,1300,TRUE
2020-11-15,Mansi,1500,1500,TRUE
2020-11-15,Momauk,1225,1225,TRUE
2020-11-15,Hpakant Market,1425,1425,TRUE
2020-11-15,Mogaung Market,1275,1275,TRUE
2020-11-15,Chipwi Market,1500,1500,TRUE
2020-11-15,Sadung,1400,1400,TRUE
2020-11-15,Sanpya ward,1300,1300,TRUE
2020-11-15,Tanai Market,1233.33,1233.33,TRUE
2020-11-15,Waingmaw,1300,1300,TRUE
2020-11-15,Hpasaung,1250,1250,TRUE
2020-11-15,Shadaw,1250,1250,TRUE
2020-11-15,Thiri Mingalar Market,1200,1200,TRUE
2020-11-15,Thiri Market,1225,1225,TRUE
2020-11-15,Yae Baw Market,1200,1200,TRUE
2020-11-15,KawKareik Myo Ma Market,1275,1275,TRUE
2020-11-15,Ba Yint Naung,1283.33,1283.33,TRUE
2020-11-15,Kanthar,1200,1200,TRUE
2020-11-15,Minbu Myo Ma Market,1200,1200,TRUE
2020-11-15,Pakokku Myo Ma Market,1083.33,1083.33,TRUE
2020-11-15,Mya Thida,1200,1200,TRUE
2020-11-15,Shwe Hin Tar,1200,1200,TRUE
2020-11-15,TBZY Myo Ma Zay,1200,1200,TRUE
2020-11-15,Zay Cho,1200,1200,TRUE
2020-11-15,Bilin Myo Ma Market,1200,1200,TRUE
2020-11-15,Thaton Myo Ma Zay,1200,1200,TRUE
2020-11-15,Kyauk Ta Lone,1350,1350,TRUE
2020-11-15,Buthidaung,1450,1450,TRUE
2020-11-15,Ka Nyin Tan,1450,1450,TRUE
2020-11-15,Nyaung Chung,1500,1500,TRUE
2020-11-15,Ahpauk Wa,1700,1700,TRUE
2020-11-15,Kin Seik,1250,1250,TRUE
2020-11-15,Laung Kyet,1300,1300,TRUE
2020-11-15,Minbya Main,1700,1700,TRUE
2020-11-15,Na Rat Sar,1200,1200,TRUE
2020-11-15,Paung Toke,1400,1400,TRUE
2020-11-15,Ah Nauk Pyin,1300,1300,TRUE
2020-11-15,Ah Nauk Ywe,1700,1700,TRUE
2020-11-15,Kyaukpyu Main,1200,1200,TRUE
2020-11-15,Kyein Ni Pyin,1700,1700,TRUE
2020-11-15,Nget Chaung,1700,1700,TRUE
2020-11-15,Nyaung Pin Gyi,1300,1300,TRUE
2020-11-15,Rathedaung,1275,1275,TRUE
2020-11-15,Sin Tet Maw,1700,1700,TRUE
2020-11-15,Thet Kay Pyin,1350,1350,TRUE
2020-11-15,Toungup Main,1350,1350,TRUE
2020-11-15,Lahe,1650,1650,TRUE
2020-11-15,Mingalar market,1400,1400,TRUE
2020-11-15,Municipal,1667,1667,TRUE
2020-11-15,Myoma,1575,1575,TRUE
2020-11-15,Mong Pawk,1400,1400,TRUE
2020-11-15,Ban Wai,3000,3000,TRUE
2020-11-15,Lin Haw,1400,1400,TRUE
2020-11-15,Galeng,1500,1500,TRUE
2020-11-15,Lashio Market,1200,1200,TRUE
2020-11-15,Laukkaing,1735,1735,TRUE
2020-11-15,Dein Aw,1400,1400,TRUE
2020-11-15,Nawng Hkit,1400,1400,TRUE
2020-11-15,Kutkai,1300,1300,TRUE
2020-11-15,Mong See,1300,1300,TRUE
2020-11-15,Namhkam Market,1275,1275,TRUE
2020-11-15,Kan Nar Market,1200,1200,TRUE
2020-11-15,Yebyu Market,1266.67,1266.67,TRUE
2020-12-15,Tedim Municipal Market,1358,1358,TRUE
2020-12-15,Tonzang,1430,1430,TRUE
2020-12-15,Hakha Myoma Market,1250,1250,TRUE
2020-12-15,Raldunn Market,1250,1250,TRUE
2020-12-15,Paletwa Myoma Market,2500,2500,TRUE
2020-12-15,Sanbaung,1250,1250,TRUE
2020-12-15,Kanpetlet,1250,1250,TRUE
2020-12-15,Mindat Myoma Market,1000,1000,TRUE
2020-12-15,Bhamo Market,1100,1100,TRUE
2020-12-15,Loijie,1300,1300,TRUE
2020-12-15,Mansi,1250,1250,TRUE
2020-12-15,Momauk,1200,1200,TRUE
2020-12-15,Shwegu,1200,1200,TRUE
2020-12-15,Hpakant Market,1450,1450,TRUE
2020-12-15,Monyin Market,1233,1233,TRUE
2020-12-15,Sadung,1500,1500,TRUE
2020-12-15,Sanpya ward,1500,1500,TRUE
2020-12-15,Tanai Market,1250,1250,TRUE
2020-12-15,Thiri Mingalar Market,1160,1160,TRUE
2020-12-15,Kanthar,1200,1200,TRUE
2020-12-15,Minbu Myo Ma Market,1200,1200,TRUE
2020-12-15,Pakokku Myo Ma Market,1000,1000,TRUE
2020-12-15,Mya Thida,1200,1200,TRUE
2020-12-15,Zay Cho,1200,1200,TRUE
2020-12-15,Bilin Myo Ma Market,1200,1200,TRUE
2020-12-15,Buthidaung,1400,1400,TRUE
2020-12-15,Ka Nyin Tan,1433,1433,TRUE
2020-12-15,Maungdaw,1450,1450,TRUE
2020-12-15,Nyaung Chung,1483,1483,TRUE
2020-12-15,Ahpauk Wa,1275,1275,TRUE
2020-12-15,Kin Seik,1250,1250,TRUE
2020-12-15,Laung Kyet,1300,1300,TRUE
2020-12-15,Minbya Main,1283,1283,TRUE
2020-12-15,Myebon Main,1500,1500,TRUE
2020-12-15,Na Rat Sar,1300,1300,TRUE
2020-12-15,Paung Toke,1300,1300,TRUE
2020-12-15,Ah Nauk Pyin,2000,2000,TRUE
2020-12-15,Kyaukpyu Main,1325,1325,TRUE
2020-12-15,Kyein Ni Pyin,1700,1700,TRUE
2020-12-15,Nget Chaung,1700,1700,TRUE
2020-12-15,Nyaung Pin Gyi,2000,2000,TRUE
2020-12-15,Rathedaung,1250,1250,TRUE
2020-12-15,Say Tha Mar Gyi,1700,1700,TRUE
2020-12-15,Sin Tet Maw,1700,1700,TRUE
2020-12-15,Thae Chaung,1500,1500,TRUE
2020-12-15,Thet Kay Pyin,1250,1250,TRUE
2020-12-15,Toungup Main,1325,1325,TRUE
2020-12-15,Lahe,1650,1650,TRUE
2020-12-15,Mingalar market,1400,1400,TRUE
2020-12-15,Municipal,1667,1667,TRUE
2020-12-15,Myoma,1575,1575,TRUE
2020-12-15,Mong Pawk,1742,1742,TRUE
2020-12-15,Ban Wai,1414,1414,TRUE
2020-12-15,Lin Haw,1358,1358,TRUE
2020-12-15,Lashio Market,1200,1200,TRUE
2020-12-15,Laukkaing,1700,1700,TRUE
2020-12-15,Nawng Hkit,1411,1411,TRUE
2020-12-15,Kutkai,1300,1300,TRUE
2020-12-15,Namhkam Market,1275,1275,TRUE
2020-12-15,Kan Nar Market,1250,1250,TRUE
2020-12-15,Yebyu Market,1233,1233,TRUE
2021-01-15,Tedim Municipal Market,1322,1322,TRUE
2021-01-15,Tonzang,1430,1430,TRUE
2021-01-15,Hakha Myoma Market,1250,1250,TRUE
2021-01-15,Raldunn Market,1250,1250,TRUE
2021-01-15,Paletwa Myoma Market,2000,2000,TRUE
2021-01-15,Sanbaung,1250,1250,TRUE
2021-01-15,Kanpetlet,1250,1250,TRUE
2021-01-15,Mindat Myoma Market,1000,1000,TRUE
2021-01-15,Bhamo Market,1250,1250,TRUE
2021-01-15,Loijie,1300,1300,TRUE
2021-01-15,Man Wein Gyi,1200,1200,TRUE
2021-01-15,Mansi,1250,1250,TRUE
2021-01-15,Momauk,1200,1200,TRUE
2021-01-15,Shwegu,1000,1000,TRUE
2021-01-15,Hpakant Market,1100,1100,TRUE
2021-01-15,Monyin Market,1250,1250,TRUE
2021-01-15,Sadung,1367,1367,TRUE
2021-01-15,Sanpya ward,1400,1400,TRUE
2021-01-15,Tanai Market,1250,1250,TRUE
2021-01-15,Thiri Mingalar Market,1133,1133,TRUE
2021-01-15,Thiri Market,1200,1200,TRUE
2021-01-15,Kanthar,1200,1200,TRUE
2021-01-15,Natmauk Myoma Market,1100,1100,TRUE
2021-01-15,Minbu Myo Ma Market,1000,1000,TRUE
2021-01-15,Pakokku Myo Ma Market,1000,1000,TRUE
2021-01-15,Mya Thida,1200,1200,TRUE
2021-01-15,Zay Cho,1200,1200,TRUE
2021-01-15,Bilin Myo Ma Market,1200,1200,TRUE
2021-01-15,Buthidaung,1250,1250,TRUE
2021-01-15,Ka Nyin Tan,1283,1283,TRUE
2021-01-15,Nyaung Chung,1400,1400,TRUE
2021-01-15,Kin Seik,1250,1250,TRUE
2021-01-15,Laung Kyet,1300,1300,TRUE
2021-01-15,Minbya Main,1200,1200,TRUE
2021-01-15,Myebon Main,1250,1250,TRUE
2021-01-15,Na Rat Sar,1300,1300,TRUE
2021-01-15,Paung Toke,1300,1300,TRUE
2021-01-15,Ah Nauk Pyin,2000,2000,TRUE
2021-01-15,Ah Nauk Ywe,1700,1700,TRUE
2021-01-15,Kyaukpyu Main,1000,1000,TRUE
2021-01-15,Kyein Ni Pyin,1700,1700,TRUE
2021-01-15,Nget Chaung,1700,1700,TRUE
2021-01-15,Nyaung Pin Gyi,2000,2000,TRUE
2021-01-15,Rathedaung,1250,1250,TRUE
2021-01-15,Say Tha Mar Gyi,1250,1250,TRUE
2021-01-15,Sin Tet Maw,1700,1700,TRUE
2021-01-15,Thae Chaung,1475,1475,TRUE
2021-01-15,Thet Kay Pyin,1250,1250,TRUE
2021-01-15,Home shop,1667,1667,TRUE
2021-01-15,Lahe,1650,1650,TRUE
2021-01-15,Mingalar market,1400,1400,TRUE
2021-01-15,Municipal,1667,1667,TRUE
2021-01-15,Myoma,1575,1575,TRUE
2021-01-15,Mong Pawk,2060,2060,TRUE
2021-01-15,Ban Wai,2060,2060,TRUE
2021-01-15,Lin Haw,2060,2060,TRUE
2021-01-15,Namtu,1100,1100,TRUE
2021-01-15,Galeng,1200,1200,TRUE
2021-01-15,Lashio Market,1000,1000,TRUE
2021-01-15,Laukkaing,1643,1643,TRUE
2021-01-15,Dein Aw,2060,2060,TRUE
2021-01-15,Nawng Hkit,2060,2060,TRUE
2021-01-15,Kutkai,1200,1200,TRUE
2021-01-15,Mong See,1500,1500,TRUE
2021-01-15,Nam Hpat Kar,1100,1100,TRUE
2021-01-15,Namhkam Market,1170,1170,TRUE
2021-01-15,Kan Nar Market,1250,1250,TRUE
2021-01-15,Yebyu Market,1200,1200,TRUE
2021-02-15,Tedim Municipal Market,1286,1286,TRUE
2021-02-15,Tonzang,1430,1430,TRUE
2021-02-15,Hakha Myoma Market,1250,1250,TRUE
2021-02-15,Raldunn Market,1250,1250,TRUE
2021-02-15,Paletwa Myoma Market,1429,1429,TRUE
2021-02-15,Sanbaung,1250,1250,TRUE
2021-02-15,Kanpetlet,1250,1250,TRUE
2021-02-15,Mindat Myoma Market,1000,1000,TRUE
2021-02-15,Bhamo Market,1125,1125,TRUE
2021-02-15,Loijie,1500,1500,TRUE
2021-02-15,Man Wein Gyi,1200,1200,TRUE
2021-02-15,Mansi,1250,1250,TRUE
2021-02-15,Momauk,1200,1200,TRUE
2021-02-15,Shwegu,1100,1100,TRUE
2021-02-15,Hpakant Market,1075,1075,TRUE
2021-02-15,Monyin Market,1250,1250,TRUE
2021-02-15,Sadung,1500,1500,TRUE
2021-02-15,Sanpya ward,1400,1400,TRUE
2021-02-15,Tanai Market,1250,1250,TRUE
2021-02-15,Waingmaw Myoma Market,1300,1300,TRUE
2021-02-15,Thiri Mingalar Market,1167,1167,TRUE
2021-02-15,Thiri Market,1300,1300,TRUE
2021-02-15,Kanthar,1200,1200,TRUE
2021-02-15,Natmauk Myoma Market,1100,1100,TRUE
2021-02-15,Minbu Myo Ma Market,1067,1067,TRUE
2021-02-15,Pakokku Myo Ma Market,1000,1000,TRUE
2021-02-15,Mya Thida,1200,1200,TRUE
2021-02-15,Zay Cho,1200,1200,TRUE
2021-02-15,Bilin Myo Ma Market,1200,1200,TRUE
2021-02-15,Buthidaung,1377,1377,TRUE
2021-02-15,Ka Nyin Tan,1500,1500,TRUE
2021-02-15,Maungdaw,1500,1500,TRUE
2021-02-15,Nyaung Chung,1500,1500,TRUE
2021-02-15,Kin Seik,1250,1250,TRUE
2021-02-15,Laung Kyet,1300,1300,TRUE
2021-02-15,Minbya Main,1250,1250,TRUE
2021-02-15,Myebon Main,1450,1450,TRUE
2021-02-15,Na Rat Sar,1200,1200,TRUE
2021-02-15,Paung Toke,1300,1300,TRUE
2021-02-15,Ah Nauk Pyin,2000,2000,TRUE
2021-02-15,Ah Nauk Ywe,1700,1700,TRUE
2021-02-15,Kyaukpyu Main,1200,1200,TRUE
2021-02-15,Kyein Ni Pyin,1700,1700,TRUE
2021-02-15,Nget Chaung,1700,1700,TRUE
2021-02-15,Nyaung Pin Gyi,2000,2000,TRUE
2021-02-15,Rathedaung,1225,1225,TRUE
2021-02-15,Say Tha Mar Gyi,1700,1700,TRUE
2021-02-15,Sin Tet Maw,1700,1700,TRUE
2021-02-15,Thae Chaung,1375,1375,TRUE
2021-02-15,Thet Kay Pyin,1250,1250,TRUE
2021-02-15,Toungup Main,1150,1150,TRUE
2021-02-15,Home shop,1667,1667,TRUE
2021-02-15,Lahe,1643,1643,TRUE
2021-02-15,Mingalar market,1400,1400,TRUE
2021-02-15,Municipal,1667,1667,TRUE
2021-02-15,Myoma,1575,1575,TRUE
2021-02-15,Mong Pawk,2220,2220,TRUE
2021-02-15,Ban Wai,1892,1892,TRUE
2021-02-15,Lin Haw,1891,1891,TRUE
2021-02-15,Namtu,1200,1200,TRUE
2021-02-15,Galeng,1200,1200,TRUE
2021-02-15,Lashio Market,1200,1200,TRUE
2021-02-15,Konkyan,1200,1200,TRUE
2021-02-15,Laukkaing,1629,1629,TRUE
2021-02-15,Dein Aw,2220,2220,TRUE
2021-02-15,Nawng Hkit,1891,1891,TRUE
2021-02-15,Kutkai,1200,1200,TRUE
2021-02-15,Mong See,1500,1500,TRUE
2021-02-15,Nam Hpat Kar,1300,1300,TRUE
2021-02-15,Kan Nar Market,1275,1275,TRUE
2021-02-15,Yebyu Market,1200,1200,TRUE
2021-03-15,Tedim Municipal Market,1250,1250,TRUE
2021-03-15,Tonzang,1370,1370,TRUE
2021-03-15,Hakha Myoma Market,1250,1250,TRUE
2021-03-15,Raldunn Market,1250,1250,TRUE
2021-03-15,Paletwa Myoma Market,1428.57,1428.57,TRUE
2021-03-15,Sanbaung,1250,1250,TRUE
2021-03-15,Kanpetlet,1250,1250,TRUE
2021-03-15,Mindat Myoma Market,1000,1000,TRUE
2021-03-15,Bhamo Market,1125,1125,TRUE
2021-03-15,Man Wein Gyi,1150,1150,TRUE
2021-03-15,Hpakant Market,1100,1100,TRUE
2021-03-15,Monyin Market,1250,1250,TRUE
2021-03-15,Sanpya ward,1300,1300,TRUE
2021-03-15,Tanai Market,1233.33,1233.33,TRUE
2021-03-15,Thiri Mingalar Market,1200,1200,TRUE
2021-03-15,Thiri Market,1300,1300,TRUE
2021-03-15,Kanthar,1000,1000,TRUE
2021-03-15,Natmauk Myoma Market,1000,1000,TRUE
2021-03-15,Minbu Myo Ma Market,1000,1000,TRUE
2021-03-15,Pakokku Myo Ma Market,1033.33,1033.33,TRUE
2021-03-15,Mya Thida,1200,1200,TRUE
2021-03-15,Zay Cho,1200,1200,TRUE
2021-03-15,Bilin Myo Ma Market,1200,1200,TRUE
2021-03-15,Kyauk Ta Lone,1250,1250,TRUE
2021-03-15,Buthidaung,1250,1250,TRUE
2021-03-15,Ka Nyin Tan,1300,1300,TRUE
2021-03-15,Nyaung Chung,1400,1400,TRUE
2021-03-15,Ahpauk Wa,1250,1250,TRUE
2021-03-15,Kin Seik,1250,1250,TRUE
2021-03-15,Laung Kyet,1100,1100,TRUE
2021-03-15,Minbya Main,1250,1250,TRUE
2021-03-15,Myebon Main,1250,1250,TRUE
2021-03-15,Na Rat Sar,1100,1100,TRUE
2021-03-15,Paung Toke,1300,1300,TRUE
2021-03-15,Ah Nauk Pyin,2000,2000,TRUE
2021-03-15,Kyaukpyu Main,1100,1100,TRUE
2021-03-15,Kyein Ni Pyin,1700,1700,TRUE
2021-03-15,Nget Chaung,1700,1700,TRUE
2021-03-15,Nyaung Pin Gyi,2000,2000,TRUE
2021-03-15,Rathedaung,1150,1150,TRUE
2021-03-15,Sin Tet Maw,1700,1700,TRUE
2021-03-15,Sittwe,1100,1100,TRUE
2021-03-15,Thae Chaung,1250,1250,TRUE
2021-03-15,Thet Kay Pyin,1250,1250,TRUE
2021-03-15,Toungup Main,1400,1400,TRUE
2021-03-15,Home shop,1667,1667,TRUE
2021-03-15,Lahe,1667,1667,TRUE
2021-03-15,Mingalar market,1400,1400,TRUE
2021-03-15,Municipal,1667,1667,TRUE
2021-03-15,Myoma,1550,1550,TRUE
2021-03-15,Mong Pawk,1833,1833,TRUE
2021-03-15,Ban Wai,1760,1760,TRUE
2021-03-15,Lin Haw,1833,1833,TRUE
2021-03-15,Namtu,1200,1200,TRUE
2021-03-15,Galeng,1200,1200,TRUE
2021-03-15,Lashio Market,1200,1200,TRUE
2021-03-15,Konkyan,2000,2000,TRUE
2021-03-15,Laukkaing,2000,2000,TRUE
2021-03-15,Dein Aw,2273,2273,TRUE
2021-03-15,Nawng Hkit,1833,1833,TRUE
2021-03-15,Kutkai,1200,1200,TRUE
2021-03-15,Mong See,1500,1500,TRUE
2021-03-15,Nam Hpat Kar,1300,1300,TRUE
2021-03-15,Namhkam Market,1200,1200,TRUE
2021-03-15,Kan Nar Market,1200,1200,TRUE
2021-03-15,Yebyu Market,1200,1200,TRUE
2021-04-15,Tedim Municipal Market,1250,1250,TRUE
2021-04-15,Tonzang,1430,1430,TRUE
2021-04-15,Hakha Myoma Market,1250,1250,TRUE
2021-04-15,Raldunn Market,1250,1250,TRUE
2021-04-15,Paletwa Myoma Market,1428.57,1428.57,TRUE
2021-04-15,Sanbaung,1250,1250,TRUE
2021-04-15,Kanpetlet,1250,1250,TRUE
2021-04-15,Mindat Myoma Market,1000,1000,TRUE
2021-04-15,Bhamo,1150,1150,TRUE
2021-04-15,Loijie,1520,1520,TRUE
2021-04-15,Man Wein Gyi,1300,1300,TRUE
2021-04-15,Momauk,1300,1300,TRUE
2021-04-15,Shwegu,1225,1225,TRUE
2021-04-15,Hpakant Market,1100,1100,TRUE
2021-04-15,Mogaung Market,1250,1250,TRUE
2021-04-15,Monyin Market,1250,1250,TRUE
2021-04-15,Myitkyina Myoma Market,1266.67,1266.67,TRUE
2021-04-15,Sadung,1200,1200,TRUE
2021-04-15,Sanpya ward,1400,1400,TRUE
2021-04-15,Tanai Market,1250,1250,TRUE
2021-04-15,Waingmaw Myoma Market,1200,1200,TRUE
2021-04-15,Thiri Mingalar Market,1166.67,1166.67,TRUE
2021-04-15,Thiri Market,1200,1200,TRUE
2021-04-15,Kanthar,1200,1200,TRUE
2021-04-15,Natmauk Myoma Market,1000,1000,TRUE
2021-04-15,Minbu Myo Ma Market,1200,1200,TRUE
2021-04-15,Pakokku Myo Ma Market,1133.33,1133.33,TRUE
2021-04-15,Mya Thida,1200,1200,TRUE
2021-04-15,Zay Cho,1200,1200,TRUE
2021-04-15,Bilin Myo Ma Market,1200,1200,TRUE
2021-04-15,Kyauk Ta Lone,1500,1500,TRUE
2021-04-15,Buthidaung,1680,1680,TRUE
2021-04-15,Nyaung Chung,1833.33,1833.33,TRUE
2021-04-15,Ahpauk Wa,1250,1250,TRUE
2021-04-15,Kin Seik,1250,1250,TRUE
2021-04-15,Laung Kyet,1200,1200,TRUE
2021-04-15,Minbya Main,1250,1250,TRUE
2021-04-15,Myebon Main,1250,1250,TRUE
2021-04-15,Paung Toke,1200,1200,TRUE
2021-04-15,Ah Nauk Pyin,2000,2000,TRUE
2021-04-15,Kyaukpyu Main,1250,1250,TRUE
2021-04-15,Nget Chaung,1500,1500,TRUE
2021-04-15,Rathedaung,1633.33,1633.33,TRUE
2021-04-15,Sin Tet Maw,1700,1700,TRUE
2021-04-15,Sittwe,1250,1250,TRUE
2021-04-15,Thae Chaung,1250,1250,TRUE
2021-04-15,Thet Kay Pyin,1250,1250,TRUE
2021-04-15,Toungup Main,1400,1400,TRUE
2021-04-15,Home shop,1667,1667,TRUE
2021-04-15,Lahe,1667,1667,TRUE
2021-04-15,Mingalar market,1200,1200,TRUE
2021-04-15,Municipal,1667,1667,TRUE
2021-04-15,Myoma,1550,1550,TRUE
2021-04-15,Mong Pawk,1752,1752,TRUE
2021-04-15,Ban Wai,1800,1800,TRUE
2021-04-15,Lin Haw,1874,1874,TRUE
2021-04-15,Manton,910,910,TRUE
2021-04-15,Namtu,1233.33,1233.33,TRUE
2021-04-15,Galeng,1200,1200,TRUE
2021-04-15,Lashio Market,1300,1300,TRUE
2021-04-15,Laukkaing,2000,2000,TRUE
2021-04-15,Dein Aw,1752,1752,TRUE
2021-04-15,Nawng Hkit,1874,1874,TRUE
2021-04-15,Kutkai,1200,1200,TRUE
2021-04-15,Mong See,1500,1500,TRUE
2021-04-15,Nam Hpat Kar,1300,1300,TRUE
2021-04-15,Nam Kam,1325,1325,TRUE
2021-04-15,Kan Nar Market,1200,1200,TRUE
2021-04-15,Yebyu Market,1200,1200,TRUE
2021-05-15,Tedim Municipal Market,1250,1250,TRUE
2021-05-15,Tonzang,1430,1430,TRUE
2021-05-15,Hakha Myoma Market,1250,1250,TRUE
2021-05-15,Raldunn Market,1250,1250,TRUE
2021-05-15,Paletwa Myoma Market,1428.57,1428.57,TRUE
2021-05-15,Sanbaung,1429,1429,TRUE
2021-05-15,Bhamo,1150,1150,TRUE
2021-05-15,Loijie,1500,1500,TRUE
2021-05-15,Man Wein Gyi,1250,1250,TRUE
2021-05-15,Momauk,1300,1300,TRUE
2021-05-15,Shwegu,1200,1200,TRUE
2021-05-15,Hpakant Market,1100,1100,TRUE
2021-05-15,Maw Wan Market,1100,1100,TRUE
2021-05-15,Mogaung Market,1250,1250,TRUE
2021-05-15,Monyin Market,1250,1250,TRUE
2021-05-15,Chipwi Market,1250,1250,TRUE
2021-05-15,Myitkyina Myoma Market,1500,1500,TRUE
2021-05-15,Sadung,1300,1300,TRUE
2021-05-15,Sanpya ward,1400,1400,TRUE
2021-05-15,Tanai Market,1250,1250,TRUE
2021-05-15,Waingmaw Myoma Market,1400,1400,TRUE
2021-05-15,Thiri Mingalar Market,1100,1100,TRUE
2021-05-15,Thiri Market,1300,1300,TRUE
2021-05-15,Kanthar,1200,1200,TRUE
2021-05-15,Natmauk Myoma Market,1000,1000,TRUE
2021-05-15,Minbu Myo Ma Market,1200,1200,TRUE
2021-05-15,Pakokku Myo Ma Market,1133.33,1133.33,TRUE
2021-05-15,Mya Thida,1200,1200,TRUE
2021-05-15,Zay Cho,1200,1200,TRUE
2021-05-15,Bilin Myo Ma Market,1200,1200,TRUE
2021-05-15,Kyauk Ta Lone,1500,1500,TRUE
2021-05-15,Buthidaung,1250,1250,TRUE
2021-05-15,Ka Nyin Tan,1300,1300,TRUE
2021-05-15,Nyaung Chung,1266.67,1266.67,TRUE
2021-05-15,Ahpauk Wa,1300,1300,TRUE
2021-05-15,Kin Seik,1250,1250,TRUE
2021-05-15,Laung Kyet,1500,1500,TRUE
2021-05-15,Minbya Main,1250,1250,TRUE
2021-05-15,Myebon Main,1500,1500,TRUE
2021-05-15,Paung Toke,1500,1500,TRUE
2021-05-15,Ah Nauk Pyin,2000,2000,TRUE
2021-05-15,Ah Nauk Ywe,1400,1400,TRUE
2021-05-15,Kyaukpyu Main,1300,1300,TRUE
2021-05-15,Kyein Ni Pyin,1700,1700,TRUE
2021-05-15,Nget Chaung,1500,1500,TRUE
2021-05-15,Nyaung Pin Gyi,2000,2000,TRUE
2021-05-15,Rathedaung,1400,1400,TRUE
2021-05-15,Say Tha Mar Gyi,1500,1500,TRUE
2021-05-15,Sin Tet Maw,2500,2500,TRUE
2021-05-15,Sittwe,1200,1200,TRUE
2021-05-15,Thae Chaung,1300,1300,TRUE
2021-05-15,Thet Kay Pyin,1500,1500,TRUE
2021-05-15,Toungup Main,1400,1400,TRUE
2021-05-15,Home shop,1667,1667,TRUE
2021-05-15,Lahe,1667,1667,TRUE
2021-05-15,Mingalar market,1400,1400,TRUE
2021-05-15,Municipal,1667,1667,TRUE
2021-05-15,Myoma,1550,1550,TRUE
2021-05-15,Mong Pawk,2041,2041,TRUE
2021-05-15,Lin Haw,2450,2450,TRUE
2021-05-15,Lower Ban Wai,1707,1707,TRUE
2021-05-15,Upper Ban Wai,1707,1707,TRUE
2021-05-15,Manton,1300,1300,TRUE
2021-05-15,Namtu,1200,1200,TRUE
2021-05-15,Galeng,1200,1200,TRUE
2021-05-15,Lashio Market,1300,1300,TRUE
2021-05-15,Laukkaing,2000,2000,TRUE
2021-05-15,Dein Aw,2041,2041,TRUE
2021-05-15,Nawng Hkit,2450,2450,TRUE
2021-05-15,Kutkai,1200,1200,TRUE
2021-05-15,Mong See,1500,1500,TRUE
2021-05-15,Nam Hpat Kar,1300,1300,TRUE
2021-05-15,Nam Kam,1233.33,1233.33,TRUE
2021-05-15,Kan Nar Market,1200,1200,TRUE
2021-05-15,Yebyu Market,1266.67,1266.67,TRUE
2021-06-15,Tedim Municipal Market,1295,1295,TRUE
2021-06-15,Tonzang,1509,1509,TRUE
2021-06-15,Hakha Myoma Market,1250,1250,TRUE
2021-06-15,Raldunn Market,1250,1250,TRUE
2021-06-15,Paletwa Myoma Market,2500,2500,TRUE
2021-06-15,Sanbaung,1429,1429,TRUE
2021-06-15,Bhamo,1150,1150,TRUE
2021-06-15,Loijie,1500,1500,TRUE
2021-06-15,Man Wein Gyi,1333.33,1333.33,TRUE
2021-06-15,Mansi,1300,1300,TRUE
2021-06-15,Momauk,1300,1300,TRUE
2021-06-15,Shwegu,1300,1300,TRUE
2021-06-15,Hpakant Market,1100,1100,TRUE
2021-06-15,Maw Wan Market,1100,1100,TRUE
2021-06-15,Mogaung Market,1250,1250,TRUE
2021-06-15,Monyin Market,1250,1250,TRUE
2021-06-15,Myitkyina Myoma Market,1400,1400,TRUE
2021-06-15,Sadung,1300,1300,TRUE
2021-06-15,Sanpya ward,1400,1400,TRUE
2021-06-15,Tanai Market,1250,1250,TRUE
2021-06-15,Waingmaw Myoma Market,1300,1300,TRUE
2021-06-15,Puta-O Myoma,1650,1650,TRUE
2021-06-15,Thiri Mingalar Market,1183.33,1183.33,TRUE
2021-06-15,Thiri Market,1350,1350,TRUE
2021-06-15,Kanthar,1300,1300,TRUE
2021-06-15,Natmauk Myoma Market,1100,1100,TRUE
2021-06-15,Minbu Myo Ma Market,1250,1250,TRUE
2021-06-15,Pakokku Myo Ma Market,1116.67,1116.67,TRUE
2021-06-15,Mya Thida,1200,1200,TRUE
2021-06-15,Zay Cho,1200,1200,TRUE
2021-06-15,Bilin Myo Ma Market,1200,1200,TRUE
2021-06-15,Kyauk Ta Lone,1500,1500,TRUE
2021-06-15,Buthidaung,1250,1250,TRUE
2021-06-15,Ka Nyin Tan,1300,1300,TRUE
2021-06-15,Nyaung Chung,1300,1300,TRUE
2021-06-15,Ahpauk Wa,1400,1400,TRUE
2021-06-15,Kin Seik,1250,1250,TRUE
2021-06-15,Laung Kyet,1800,1800,TRUE
2021-06-15,Minbya Main,1250,1250,TRUE
2021-06-15,Mrauk-U Main,1800,1800,TRUE
2021-06-15,Myebon Main,1400,1400,TRUE
2021-06-15,Na Rat Sar,2000,2000,TRUE
2021-06-15,Paung Toke,1500,1500,TRUE
2021-06-15,TaungPaw,1500,1500,TRUE
2021-06-15,Ah Nauk Pyin,2000,2000,TRUE
2021-06-15,Ah Nauk Ywe,1700,1700,TRUE
2021-06-15,Kyaukpyu Main,1500,1500,TRUE
2021-06-15,Kyein Ni Pyin,1250,1250,TRUE
2021-06-15,Nget Chaung,1400,1400,TRUE
2021-06-15,Nyaung Pin Gyi,2000,2000,TRUE
2021-06-15,Rathedaung,1450,1450,TRUE
2021-06-15,Say Tha Mar Gyi,1250,1250,TRUE
2021-06-15,Sin Tet Maw,2000,2000,TRUE
2021-06-15,Sittwe,1400,1400,TRUE
2021-06-15,Thae Chaung,1400,1400,TRUE
2021-06-15,Thet Kay Pyin,1250,1250,TRUE
2021-06-15,Gwa Myoma,1250,1250,TRUE
2021-06-15,Toungup Main,1600,1600,TRUE
2021-06-15,Home shop,1667,1667,TRUE
2021-06-15,Lahe,1667,1667,TRUE
2021-06-15,Mingalar market,1466.67,1466.67,TRUE
2021-06-15,Municipal,1667,1667,TRUE
2021-06-15,Myoma,1550,1550,TRUE
2021-06-15,Mong Pawk,2000,2000,TRUE
2021-06-15,Lin Haw,2000,2000,TRUE
2021-06-15,Lower Ban Wai,1750,1750,TRUE
2021-06-15,Upper Ban Wai,1750,1750,TRUE
2021-06-15,Manton,1266.67,1266.67,TRUE
2021-06-15,Namtu,1200,1200,TRUE
2021-06-15,Galeng,1200,1200,TRUE
2021-06-15,Lashio Market,1200,1200,TRUE
2021-06-15,Laukkaing,2000,2000,TRUE
2021-06-15,Dein Aw,2000,2000,TRUE
2021-06-15,Nawng Hkit,2000,2000,TRUE
2021-06-15,Kutkai,1300,1300,TRUE
2021-06-15,Mong See,1500,1500,TRUE
2021-06-15,Nam Hpat Kar,1300,1300,TRUE
2021-06-15,Nam Kam,1350,1350,TRUE
2021-06-15,Kan Nar Market,1200,1200,TRUE
2021-06-15,Yebyu Market,1233.33,1233.33,TRUE
2021-07-15,Tedim Municipal Market,1660,1660,TRUE
2021-07-15,Tonzang,1773,1773,TRUE
2021-07-15,Hakha Myoma Market,1429,1429,TRUE
2021-07-15,Raldunn Market,1429,1429,TRUE
2021-07-15,Paletwa Myoma Market,2500,2500,TRUE
2021-07-15,Sanbaung,1429,1429,TRUE
2021-07-15,Kanpetlet,1429,1429,TRUE
2021-07-15,Man Wein Gyi,1777,1777,TRUE
2021-07-15,Momauk,1700,1700,TRUE
2021-07-15,Shwegu,1600,1600,TRUE
2021-07-15,Hpakant Market,1500,1500,TRUE
2021-07-15,Monyin Market,1817,1817,TRUE
2021-07-15,Sanpya ward,2000,2000,TRUE
2021-07-15,Tanai Market,2000,2000,TRUE
2021-07-15,Waingmaw,1800,1800,TRUE
2021-07-15,Puta-O Myoma,1650,1650,TRUE
2021-07-15,Thiri Mingalar Market,1320,1320,TRUE
2021-07-15,Thiri Market,1500,1500,TRUE
2021-07-15,Kanthar,1500,1500,TRUE
2021-07-15,Natmauk Myoma Market,1500,1500,TRUE
2021-07-15,Minbu Myo Ma Market,1567,1567,TRUE
2021-07-15,Pakokku Myo Ma Market,1550,1550,TRUE
2021-07-15,Mingalar,1533,1533,TRUE
2021-07-15,MyoHaung,1550,1550,TRUE
2021-07-15,YaeNiMyaung,1500,1500,TRUE
2021-07-15,Mya Thida,1800,1800,TRUE
2021-07-15,Zay Cho,1750,1750,TRUE
2021-07-15,Bilin Myo Ma Market,1867,1867,TRUE
2021-07-15,Kyauk Ta Lone,2000,2000,TRUE
2021-07-15,Buthidaung,2000,2000,TRUE
2021-07-15,Ka Nyin Tan,2100,2100,TRUE
2021-07-15,Nyaung Chung,2200,2200,TRUE
2021-07-15,Ahpauk Wa,1700,1700,TRUE
2021-07-15,Kin Seik,1600,1600,TRUE
2021-07-15,Laung Kyet,1800,1800,TRUE
2021-07-15,Minbya Main,1600,1600,TRUE
2021-07-15,Mrauk-U Main,1750,1750,TRUE
2021-07-15,Myebon Main,1660,1660,TRUE
2021-07-15,Na Rat Sar,2000,2000,TRUE
2021-07-15,Paung Toke,1800,1800,TRUE
2021-07-15,Ah Nauk Pyin,2000,2000,TRUE
2021-07-15,Ah Nauk Ywe,1700,1700,TRUE
2021-07-15,Kyaukpyu Main,2000,2000,TRUE
2021-07-15,Kyein Ni Pyin,1700,1700,TRUE
2021-07-15,Nget Chaung,1700,1700,TRUE
2021-07-15,Nyaung Pin Gyi,2000,2000,TRUE
2021-07-15,Rathedaung,2000,2000,TRUE
2021-07-15,Say Tha Mar Gyi,2500,2500,TRUE
2021-07-15,Sin Tet Maw,1700,1700,TRUE
2021-07-15,Thae Chaung,1550,1550,TRUE
2021-07-15,Thet Kay Pyin,1475,1475,TRUE
2021-07-15,Gwa Myoma,1800,1800,TRUE
2021-07-15,Toungup Main,2400,2400,TRUE
2021-07-15,Home shop,2000,2000,TRUE
2021-07-15,Lahe,2000,2000,TRUE
2021-07-15,Mingalar market,2000,2000,TRUE
2021-07-15,Municipal,2000,2000,TRUE
2021-07-15,Myoma,1550,1550,TRUE
2021-07-15,Mong Pawk,1976,1976,TRUE
2021-07-15,Lin Haw,2048,2048,TRUE
2021-07-15,Lower Ban Wai,1795,1795,TRUE
2021-07-15,Upper Ban Wai,1795,1795,TRUE
2021-07-15,Manton,1300,1300,TRUE
2021-07-15,Namtu,1300,1300,TRUE
2021-07-15,Galeng,1500,1500,TRUE
2021-07-15,Lashio Market,1700,1700,TRUE
2021-07-15,Laukkaing,2200,2200,TRUE
2021-07-15,Dein Aw,1976,1976,TRUE
2021-07-15,Nawng Hkit,1792,1792,TRUE
2021-07-15,Kutkai,1500,1500,TRUE
2021-07-15,Mong See,1500,1500,TRUE
2021-07-15,Nam Hpat Kar,1500,1500,TRUE
2021-07-15,Nam Kam,1350,1350,TRUE
2021-07-15,Kan Nar Market,1800,1800,TRUE
2021-07-15,Yebyu Market,1700,1700,TRUE
2021-07-15,Zamyinzwel,1800,1800,TRUE
2021-07-15,Meegwet,1350,1350,TRUE
2021-07-15,YwarMa,2000,2000,TRUE
2021-08-15,Tedim Municipal Market,1660,1660,TRUE
2021-08-15,Tonzang,1773.33,1773.33,TRUE
2021-08-15,Hakha Myoma Market,1666.67,1666.67,TRUE
2021-08-15,Raldunn Market,1666.67,1666.67,TRUE
2021-08-15,Paletwa Myoma Market,2000,2000,TRUE
2021-08-15,Sanbaung,1667,1667,TRUE
2021-08-15,Kanpetlet,1667,1667,TRUE
2021-08-15,Bhamo,1600,1600,TRUE
2021-08-15,Man Wein Gyi,1776.67,1776.67,TRUE
2021-08-15,Momauk,1500,1500,TRUE
2021-08-15,Shwegu,1500,1500,TRUE
2021-08-15,Hpakant Market,1600,1600,TRUE
2021-08-15,Maw Wan Market,1600,1600,TRUE
2021-08-15,Monyin Market,1680,1680,TRUE
2021-08-15,Chipwi Market,1300,1300,TRUE
2021-08-15,Myitkyina Myoma Market,1800,1800,TRUE
2021-08-15,Sadung,1850,1850,TRUE
2021-08-15,Sanpya ward,1700,1700,TRUE
2021-08-15,Tanai Market,1680,1680,TRUE
2021-08-15,Waingmaw Myoma Market,1500,1500,TRUE
2021-08-15,Puta-O Myoma,2000,2000,TRUE
2021-08-15,Thiri Mingalar Market,1400,1400,TRUE
2021-08-15,Kanthar,1500,1500,TRUE
2021-08-15,Natmauk Myoma Market,1500,1500,TRUE
2021-08-15,Minbu Myo Ma Market,1500,1500,TRUE
2021-08-15,Pakokku Myo Ma Market,1350,1350,TRUE
2021-08-15,Mya Thida,1400,1400,TRUE
2021-08-15,Zay Cho,1400,1400,TRUE
2021-08-15,Bilin Myo Ma Market,1400,1400,TRUE
2021-08-15,Kyauk Ta Lone,2000,2000,TRUE
2021-08-15,Buthidaung,1700,1700,TRUE
2021-08-15,Ka Nyin Tan,1800,1800,TRUE
2021-08-15,Nyaung Chung,1800,1800,TRUE
2021-08-15,Ahpauk Wa,2000,2000,TRUE
2021-08-15,Kin Seik,1600,1600,TRUE
2021-08-15,Laung Kyet,1430,1430,TRUE
2021-08-15,Minbya Main,1600,1600,TRUE
2021-08-15,Mrauk-U Main,1800,1800,TRUE
2021-08-15,Myebon Main,2000,2000,TRUE
2021-08-15,Na Rat Sar,2000,2000,TRUE
2021-08-15,Paung Toke,1600,1600,TRUE
2021-08-15,TaungPaw,2000,2000,TRUE
2021-08-15,Ah Nauk Pyin,2000,2000,TRUE
2021-08-15,Ah Nauk Ywe,1700,1700,TRUE
2021-08-15,Kyaukpyu Main,1750,1750,TRUE
2021-08-15,Kyein Ni Pyin,1700,1700,TRUE
2021-08-15,Nget Chaung,1700,1700,TRUE
2021-08-15,Nyaung Pin Gyi,2500,2500,TRUE
2021-08-15,Rathedaung,1550,1550,TRUE
2021-08-15,Say Tha Mar Gyi,2500,2500,TRUE
2021-08-15,Sin Tet Maw,2500,2500,TRUE
2021-08-15,Thae Chaung,1550,1550,TRUE
2021-08-15,Thet Kay Pyin,1550,1550,TRUE
2021-08-15,Gwa Myoma,1800,1800,TRUE
2021-08-15,Toungup Main,1450,1450,TRUE
2021-08-15,Home shop,2000,2000,TRUE
2021-08-15,Lahe,1667,1667,TRUE
2021-08-15,Mingalar market,2050,2050,TRUE
2021-08-15,Municipal,2000,2000,TRUE
2021-08-15,Myoma,1800,1800,TRUE
2021-08-15,Mong Pawk,2104,2104,TRUE
2021-08-15,Lin Haw,2152,2152,TRUE
2021-08-15,Lower Ban Wai,2152,2152,TRUE
2021-08-15,Upper Ban Wai,2152,2152,TRUE
2021-08-15,Manton,1300,1300,TRUE
2021-08-15,Namtu,1300,1300,TRUE
2021-08-15,Galeng,2500,2500,TRUE
2021-08-15,Lashio Market,1700,1700,TRUE
2021-08-15,Laukkaing,2300,2300,TRUE
2021-08-15,Dein Aw,2104,2104,TRUE
2021-08-15,Nawng Hkit,1883,1883,TRUE
2021-08-15,Kutkai,2250,2250,TRUE
2021-08-15,Mong See,3000,3000,TRUE
2021-08-15,Nam Hpat Kar,2500,2500,TRUE
2021-08-15,Nam Kam,1750,1750,TRUE
2021-08-15,Kan Nar Market,1433.33,1433.33,TRUE
2021-08-15,Yebyu Market,1433.33,1433.33,TRUE
2021-09-15,Tedim Municipal Market,1545,1545,TRUE
2021-09-15,Tonzang,1583.33,1583.33,TRUE
2021-09-15,Hakha Myoma Market,1666.67,1666.67,TRUE
2021-09-15,Raldunn Market,1666.67,1666.67,TRUE
2021-09-15,Paletwa Myoma Market,1666.67,1666.67,TRUE
2021-09-15,Kanpetlet,1250,1250,TRUE
2021-09-15,Bhamo,1450,1450,TRUE
2021-09-15,Loijie,1700,1700,TRUE
2021-09-15,Man Wein Gyi,1400,1400,TRUE
2021-09-15,Momauk,1400,1400,TRUE
2021-09-15,Shwegu,1300,1300,TRUE
2021-09-15,Hpakant Market,1700,1700,TRUE
2021-09-15,Maw Wan Market,1700,1700,TRUE
2021-09-15,Monyin Market,1460,1460,TRUE
2021-09-15,Myitkyina Myoma Market,1700,1700,TRUE
2021-09-15,Sadung,1500,1500,TRUE
2021-09-15,Sanpya ward,1500,1500,TRUE
2021-09-15,Tanai Market,1390,1390,TRUE
2021-09-15,Waingmaw Myoma Market,1400,1400,TRUE
2021-09-15,Puta-O Myoma,2000,2000,TRUE
2021-09-15,Thiri Mingalar Market,1216.67,1216.67,TRUE
2021-09-15,Yae Baw Market,1450,1450,TRUE
2021-09-15,Kanthar,1300,1300,TRUE
2021-09-15,Natmauk Myoma Market,1266.67,1266.67,TRUE
2021-09-15,Minbu Myo Ma Market,1166.67,1166.67,TRUE
2021-09-15,Pakokku Myo Ma Market,1225,1225,TRUE
2021-09-15,Mingalar,1650,1650,TRUE
2021-09-15,MyoHaung,1250,1250,TRUE
2021-09-15,Nyaungpin,1250,1250,TRUE
2021-09-15,YaeNiMyaung,1233.33,1233.33,TRUE
2021-09-15,Mya Thida,1200,1200,TRUE
2021-09-15,Zay Cho,1200,1200,TRUE
2021-09-15,Bilin Myo Ma Market,1200,1200,TRUE
2021-09-15,Kyauk Ta Lone,1500,1500,TRUE
2021-09-15,Buthidaung,1250,1250,TRUE
2021-09-15,Ka Nyin Tan,1300,1300,TRUE
2021-09-15,Nyaung Chung,1300,1300,TRUE
2021-09-15,Ahpauk Wa,1400,1400,TRUE
2021-09-15,Kin Seik,1250,1250,TRUE
2021-09-15,Minbya Main,1250,1250,TRUE
2021-09-15,Mrauk-U Main,1500,1500,TRUE
2021-09-15,Myebon Main,1500,1500,TRUE
2021-09-15,Na Rat Sar,1500,1500,TRUE
2021-09-15,Paung Toke,1400,1400,TRUE
2021-09-15,TaungPaw,1700,1700,TRUE
2021-09-15,Ah Nauk Pyin,2500,2500,TRUE
2021-09-15,Ah Nauk Ywe,1700,1700,TRUE
2021-09-15,Kyaukpyu Main,1200,1200,TRUE
2021-09-15,Kyein Ni Pyin,1700,1700,TRUE
2021-09-15,Nget Chaung,1700,1700,TRUE
2021-09-15,Nyaung Pin Gyi,2500,2500,TRUE
2021-09-15,Rathedaung,1600,1600,TRUE
2021-09-15,Say Tha Mar Gyi,1500,1500,TRUE
2021-09-15,Sin Tet Maw,2500,2500,TRUE
2021-09-15,Thae Chaung,1550,1550,TRUE
2021-09-15,Thet Kay Pyin,1700,1700,TRUE
2021-09-15,Gwa Myoma,1586.67,1586.67,TRUE
2021-09-15,Toungup Main,1500,1500,TRUE
2021-09-15,Home shop,2000,2000,TRUE
2021-09-15,Lahe,1835,1835,TRUE
2021-09-15,Municipal,2000,2000,TRUE
2021-09-15,Myoma,1800,1800,TRUE
2021-09-15,Mong Pawk,2400,2400,TRUE
2021-09-15,Lin Haw,2400,2400,TRUE
2021-09-15,Lower Ban Wai,2400,2400,TRUE
2021-09-15,Upper Ban Wai,2400,2400,TRUE
2021-09-15,Manton,1300,1300,TRUE
2021-09-15,Namtu,1300,1300,TRUE
2021-09-15,Galeng,2500,2500,TRUE
2021-09-15,Lashio Market,1400,1400,TRUE
2021-09-15,Laukkaing,2560,2560,TRUE
2021-09-15,Dein Aw,2400,2400,TRUE
2021-09-15,Nawng Hkit,2400,2400,TRUE
2021-09-15,Kutkai,2500,2500,TRUE
2021-09-15,Mong See,2500,2500,TRUE
2021-09-15,Nam Hpat Kar,2500,2500,TRUE
2021-09-15,Nam Kam,1450,1450,TRUE
2021-09-15,Kan Nar Market,1233.33,1233.33,TRUE
2021-09-15,Yebyu Market,1200,1200,TRUE
2021-09-15,Ngazalgwae,1250,1250,TRUE
2021-09-15,Zamyinzwel,1166.67,1166.67,TRUE
2021-09-15,Meegwet,1300,1300,TRUE
2021-09-15,YwarMa,1300,1300,TRUE
2021-10-15,Tedim Municipal Market,1603,1603,TRUE
2021-10-15,Tonzang,1660,1660,TRUE
2021-10-15,Hakha Myoma Market,1667,1667,TRUE
2021-10-15,Raldunn Market,1667,1667,TRUE
2021-10-15,Paletwa Myoma Market,1667,1667,TRUE
2021-10-15,Kanpetlet,1429,1429,TRUE
2021-10-15,Bhamo,1450,1450,TRUE
2021-10-15,Loijie,1600,1600,TRUE
2021-10-15,Man Wein Gyi,1383,1383,TRUE
2021-10-15,Momauk,1400,1400,TRUE
2021-10-15,Shwegu,1450,1450,TRUE
2021-10-15,Hpakant Market,1600,1600,TRUE
2021-10-15,Maw Wan Market,1600,1600,TRUE
2021-10-15,Monyin Market,1573,1573,TRUE
2021-10-15,Myitkyina Myoma Market,1800,1800,TRUE
2021-10-15,Sadung,1500,1500,TRUE
2021-10-15,Sanpya ward,1700,1700,TRUE
2021-10-15,Tanai Market,1507,1507,TRUE
2021-10-15,Waingmaw Myoma Market,1400,1400,TRUE
2021-10-15,Puta-O Myoma,1700,1700,TRUE
2021-10-15,Thiri Mingalar Market,1217,1217,TRUE
2021-10-15,Thiri Market,1400,1400,TRUE
2021-10-15,Kanthar,1300,1300,TRUE
2021-10-15,Natmauk Myoma Market,1267,1267,TRUE
2021-10-15,Minbu Myo Ma Market,1233,1233,TRUE
2021-10-15,Pakokku Myo Ma Market,1300,1300,TRUE
2021-10-15,Mingalar,1350,1350,TRUE
2021-10-15,MyoHaung,1200,1200,TRUE
2021-10-15,Nyaungpin,1300,1300,TRUE
2021-10-15,YaeNiMyaung,1200,1200,TRUE
2021-10-15,Meiktila,1200,1200,TRUE
2021-10-15,Yadanamenaung,1300,1300,TRUE
2021-10-15,ManiSithu,1300,1300,TRUE
2021-10-15,Mya Thida,1300,1300,TRUE
2021-10-15,Zay Cho,1200,1200,TRUE
2021-10-15,Bilin Myo Ma Market,1200,1200,TRUE
2021-10-15,Kyauk Ta Lone,1500,1500,TRUE
2021-10-15,Buthidaung,1450,1450,TRUE
2021-10-15,Ka Nyin Tan,1500,1500,TRUE
2021-10-15,Nyaung Chung,1670,1670,TRUE
2021-10-15,Ahpauk Wa,1250,1250,TRUE
2021-10-15,Kin Seik,1250,1250,TRUE
2021-10-15,Minbya Main,1250,1250,TRUE
2021-10-15,Mrauk-U Main,1500,1500,TRUE
2021-10-15,Myebon Main,1500,1500,TRUE
2021-10-15,Na Rat Sar,1500,1500,TRUE
2021-10-15,Paung Toke,1800,1800,TRUE
2021-10-15,TaungPaw,1800,1800,TRUE
2021-10-15,Ah Nauk Pyin,2000,2000,TRUE
2021-10-15,Ah Nauk Ywe,1700,1700,TRUE
2021-10-15,Kyaukpyu Main,1500,1500,TRUE
2021-10-15,Kyein Ni Pyin,1400,1400,TRUE
2021-10-15,Nget Chaung,1700,1700,TRUE
2021-10-15,Nyaung Pin Gyi,2000,2000,TRUE
2021-10-15,Rathedaung,1500,1500,TRUE
2021-10-15,Say Tha Mar Gyi,1250,1250,TRUE
2021-10-15,Sin Tet Maw,2000,2000,TRUE
2021-10-15,Thae Chaung,1550,1550,TRUE
2021-10-15,Thet Kay Pyin,1400,1400,TRUE
2021-10-15,Gwa Myoma,1420,1420,TRUE
2021-10-15,Toungup Main,1350,1350,TRUE
2021-10-15,Home shop,2000,2000,TRUE
2021-10-15,Lahe,2000,2000,TRUE
2021-10-15,Municipal,2000,2000,TRUE
2021-10-15,Myoma,1950,1950,TRUE
2021-10-15,Mong Pawk,2356,2356,TRUE
2021-10-15,Lin Haw,2480,2480,TRUE
2021-10-15,Lower Ban Wai,2480,2480,TRUE
2021-10-15,Upper Ban Wai,2480,2480,TRUE
2021-10-15,Manton,1400,1400,TRUE
2021-10-15,Namtu,1300,1300,TRUE
2021-10-15,Galeng,2300,2300,TRUE
2021-10-15,Lashio Market,1400,1400,TRUE
2021-10-15,Laukkaing,1890,1890,TRUE
2021-10-15,Dein Aw,2356,2356,TRUE
2021-10-15,Nawng Hkit,2480,2480,TRUE
2021-10-15,Kutkai,2200,2200,TRUE
2021-10-15,Mong See,2300,2300,TRUE
2021-10-15,Nam Hpat Kar,2300,2300,TRUE
2021-10-15,Nam Kam,1500,1500,TRUE
2021-10-15,Kan Nar Market,1267,1267,TRUE
2021-10-15,Yebyu Market,1200,1200,TRUE
2021-10-15,Ngazalgwae,1300,1300,TRUE
2021-10-15,Zamyinzwel,1450,1450,TRUE
2021-10-15,Meegwet,1300,1300,TRUE
2021-10-15,YwarMa,1250,1250,TRUE
2021-10-15,Night Market,1350,1350,TRUE
2021-11-15,Tedim Municipal Market,1745,2333.33,FALSE
2021-11-15,Tonzang,1773.33,2166.67,FALSE
2021-11-15,Hakha Myoma Market,1666.67,2500,FALSE
2021-11-15,Raldunn Market,1666.67,2350,FALSE
2021-11-15,Paletwa Myoma Market,1666.67,2500,FALSE
2021-11-15,Sanbaung,2000,3000,FALSE
2021-11-15,Kanpetlet,1666.67,2500,FALSE
2021-11-15,Bhamo,1425,3000,FALSE
2021-11-15,Loijie,1800,2400,FALSE
2021-11-15,Man Wein Gyi,1500,3000,FALSE
2021-11-15,Momauk,1400,3000,FALSE
2021-11-15,Shwegu,1450,2200,FALSE
2021-11-15,Hpakant Market,1600,1500,FALSE
2021-11-15,Maw Wan Market,1600,1500,FALSE
2021-11-15,Monyin Market,1440,NA,NA
2021-11-15,Chipwi Market,1500,2000,FALSE
2021-11-15,Myitkyina Myoma Market,1800,NA,NA
2021-11-15,Sadung,1500,1500,TRUE
2021-11-15,Sanpya ward,1600,2400,FALSE
2021-11-15,Tanai Market,1423.33,2500,FALSE
2021-11-15,Waingmaw Myoma Market,1500,NA,NA
2021-11-15,Puta-O Myoma,1700,2500,FALSE
2021-11-15,Thiri Mingalar Market,1380,2000,FALSE
2021-11-15,Thiri Market,1450,2200,FALSE
2021-11-15,Kanthar,1460,2000,FALSE
2021-11-15,Minbu Myo Ma Market,1300,2133.33,FALSE
2021-11-15,Pakokku Myo Ma Market,1250,2366.67,FALSE
2021-11-15,Mingalar,1525,1812.5,FALSE
2021-11-15,MyoHaung,1250,NA,NA
2021-11-15,Nyaungpin,1250,NA,NA
2021-11-15,YaeNiMyaung,1216.67,NA,NA
2021-11-15,Meiktila,1300,2450,FALSE
2021-11-15,Yadanamenaung,1300,NA,NA
2021-11-15,ManiSithu,1300,2500,FALSE
2021-11-15,Mya Thida,1300,2000,FALSE
2021-11-15,Zay Cho,1200,1800,FALSE
2021-11-15,Bilin Myo Ma Market,1200,2000,FALSE
2021-11-15,Kyauk Ta Lone,1500,NA,NA
2021-11-15,Buthidaung,1700,3000,FALSE
2021-11-15,Ka Nyin Tan,1716.67,3400,FALSE
2021-11-15,Maungdaw Myoma Market,1700,3500,FALSE
2021-11-15,Nyaung Chung,1850,3666.67,FALSE
2021-11-15,Kin Seik,1250,3133.33,FALSE
2021-11-15,Minbya Main,1250,3000,FALSE
2021-11-15,Mrauk-U Main,1500,NA,NA
2021-11-15,Myebon Main,1700,3000,FALSE
2021-11-15,Na Rat Sar,1500,NA,NA
2021-11-15,Paung Toke,1500,NA,NA
2021-11-15,TaungPaw,1750,NA,NA
2021-11-15,Ah Nauk Pyin,2000,2500,FALSE
2021-11-15,Ah Nauk Ywe,1660,NA,NA
2021-11-15,Kyaukpyu Main,1250,NA,NA
2021-11-15,Kyein Ni Pyin,1660,NA,NA
2021-11-15,Nyaung Pin Gyi,2000,3000,FALSE
2021-11-15,Rathedaung,1500,2350,FALSE
2021-11-15,Sin Tet Maw,2080,NA,NA
2021-11-15,Thae Chaung,1660,4200,FALSE
2021-11-15,Toungup Main,1400,2800,FALSE
2021-11-15,Home shop,2000,2142,FALSE
2021-11-15,Lahe,2000,3000,FALSE
2021-11-15,Municipal,2000,2142,FALSE
2021-11-15,Myoma,2000,2775,FALSE
2021-11-15,Mong Pawk,2265,2980,FALSE
2021-11-15,Lin Haw,2384,2384,TRUE
2021-11-15,Lower Ban Wai,2384,1788,FALSE
2021-11-15,Upper Ban Wai,2384,1788,FALSE
2021-11-15,Manton,1400,1700,FALSE
2021-11-15,Namtu,1300,1600,FALSE
2021-11-15,Galeng,2000,2500,FALSE
2021-11-15,Lashio Market,1300,2500,FALSE
2021-11-15,Laukkaing,2000,2500,FALSE
2021-11-15,Dein Aw,2265,2980,FALSE
2021-11-15,Nawng Hkit,2384,2384,TRUE
2021-11-15,Kutkai,2000,2500,FALSE
2021-11-15,Mong See,2300,2300,TRUE
2021-11-15,Nam Hpat Kar,2000,2200,FALSE
2021-11-15,Nam Kam,1550,2666.67,FALSE
2021-11-15,Kan Nar Market,1266.67,1933.33,FALSE
2021-11-15,Yebyu Market,1300,2000,FALSE
2021-11-15,Ngazalgwae,1100,1800,FALSE
2021-11-15,Zamyinzwel,1200,2500,FALSE
2021-11-15,Meegwet,1500,2650,FALSE
2021-11-15,YwarMa,1500,2550,FALSE
2021-11-15,Night Market,1166.67,3000,FALSE
2021-12-15,Tedim Municipal Market,1660,2500,FALSE
2021-12-15,Tonzang,1660,3000,FALSE
2021-12-15,Hakha Myoma Market,1666.67,2000,FALSE
2021-12-15,Raldunn Market,1666.67,2000,FALSE
2021-12-15,Paletwa Myoma Market,1666.89,2000,FALSE
2021-12-15,Sanbaung,1667,4000,FALSE
2021-12-15,Kanpetlet,1666.67,3000,FALSE
2021-12-15,Bhamo,1375,2750,FALSE
2021-12-15,Loijie,1700,3400,FALSE
2021-12-15,Man Wein Gyi,1433.33,NA,NA
2021-12-15,Momauk,1450,2650,FALSE
2021-12-15,Shwegu,1450,2100,FALSE
2021-12-15,Hpakant Market,1600,1500,FALSE
2021-12-15,Maw Wan Market,1600,1500,FALSE
2021-12-15,Monyin Market,1500,NA,NA
2021-12-15,Chipwi Market,1500,NA,NA
2021-12-15,Myitkyina Myoma Market,1566.67,2800,FALSE
2021-12-15,Sadung,1500,1500,TRUE
2021-12-15,Sanpya ward,1500,3500,FALSE
2021-12-15,Tanai Market,1500,3200,FALSE
2021-12-15,Waingmaw Myoma Market,1500,1500,TRUE
2021-12-15,Puta-O Myoma,1700,2400,FALSE
2021-12-15,Thiri Mingalar Market,1300,2100,FALSE
2021-12-15,Thiri Market,1400,NA,NA
2021-12-15,Kanthar,1500,2500,FALSE
2021-12-15,Natmauk Myoma Market,1225,3000,FALSE
2021-12-15,Minbu Myo Ma Market,1366.67,2500,FALSE
2021-12-15,Pakokku Myo Ma Market,1375,2233.33,FALSE
2021-12-15,Mingalar,1500,2887.5,FALSE
2021-12-15,MyoHaung,1300,NA,NA
2021-12-15,Nyaungpin,1200,NA,NA
2021-12-15,YaeNiMyaung,1266.67,NA,NA
2021-12-15,Meiktila,1250,NA,NA
2021-12-15,Yadanamenaung,1300,NA,NA
2021-12-15,ManiSithu,1300,2800,FALSE
2021-12-15,Mya Thida,1300,2000,FALSE
2021-12-15,Zay Cho,1300,2000,FALSE
2021-12-15,Bilin Myo Ma Market,1300,2000,FALSE
2021-12-15,Kyauk Ta Lone,1500,3000,FALSE
2021-12-15,Buthidaung,1430,2500,FALSE
2021-12-15,Ka Nyin Tan,1596.67,3333.33,FALSE
2021-12-15,Nyaung Chung,1690,3833.33,FALSE
2021-12-15,Ahpauk Wa,1420,NA,NA
2021-12-15,Kin Seik,1250,4000,FALSE
2021-12-15,Minbya Main,1250,4000,FALSE
2021-12-15,Mrauk-U Main,1500,3000,FALSE
2021-12-15,Myebon Main,1600,4000,FALSE
2021-12-15,Na Rat Sar,1500,NA,NA
2021-12-15,Paung Toke,1500,NA,NA
2021-12-15,TaungPaw,1670,NA,NA
2021-12-15,Ah Nauk Pyin,2500,2000,FALSE
2021-12-15,Ah Nauk Ywe,1650,NA,NA
2021-12-15,Kyaukpyu Main,1500,3000,FALSE
2021-12-15,Kyein Ni Pyin,1650,NA,NA
2021-12-15,Nget Chaung,1650,NA,NA
2021-12-15,Nyaung Pin Gyi,2000,2000,TRUE
2021-12-15,Ohn Taw Gyi,1465,NA,NA
2021-12-15,Rathedaung,1550,2250,FALSE
2021-12-15,Say Tha Mar Gyi,2100,NA,NA
2021-12-15,Sin Tet Maw,2075,NA,NA
2021-12-15,Thet Kay Pyin,1500,NA,NA
2021-12-15,Gwa Myoma,1420,NA,NA
2021-12-15,Toungup Main,1400,2800,FALSE
2021-12-15,Home shop,2000,2755.5,FALSE
2021-12-15,Lahe,2500,4750,FALSE
2021-12-15,Municipal,2000,2755,FALSE
2021-12-15,Myoma,2000,4125,FALSE
2021-12-15,Mong Pawk,3030,3636,FALSE
2021-12-15,Lin Haw,2640,2640,TRUE
2021-12-15,Lower Ban Wai,2424,1818,FALSE
2021-12-15,Upper Ban Wai,2424,1818,FALSE
2021-12-15,Manton,1400,1850,FALSE
2021-12-15,Namtu,1300,1600,FALSE
2021-12-15,Galeng,2000,2500,FALSE
2021-12-15,Lashio Market,1400,3500,FALSE
2021-12-15,Laukkaing,2000,3000,FALSE
2021-12-15,Dein Aw,3030,3636,FALSE
2021-12-15,Nawng Hkit,2640,2640,TRUE
2021-12-15,Kutkai,2000,2200,FALSE
2021-12-15,Mong See,2300,2300,TRUE
2021-12-15,Nam Hpat Kar,2000,2200,FALSE
2021-12-15,Nam Kam,1466.67,3650,FALSE
2021-12-15,Kan Nar Market,1383.33,2266.67,FALSE
2021-12-15,Yebyu Market,1400,2233.33,FALSE
2021-12-15,Ngazalgwae,1200,4000,FALSE
2021-12-15,Zamyinzwel,1400,3000,FALSE
2021-12-15,Meegwet,1400,3650,FALSE
2021-12-15,YwarMa,1500,3900,FALSE
2021-12-15,Night Market,1166.67,3900,FALSE
2022-01-15,Tedim Municipal Market,1728,2667,FALSE
2022-01-15,Tonzang,1887,3000,FALSE
2022-01-15,Hakha Myoma Market,1667,2500,FALSE
2022-01-15,Raldunn Market,1667,2500,FALSE
2022-01-15,Paletwa Myoma Market,1667,2300,FALSE
2022-01-15,Sanbaung,NA,4000,NA
2022-01-15,Kanpetlet,1429,2000,FALSE
2022-01-15,Bhamo,1400,800,FALSE
2022-01-15,Loijie,1750,2450,FALSE
2022-01-15,Man Wein Gyi,1500,1500,TRUE
2022-01-15,Momauk,1500,NA,NA
2022-01-15,Shwegu,1300,800,FALSE
2022-01-15,Hpakant Market,1600,200,FALSE
2022-01-15,Maw Wan Market,1600,2000,FALSE
2022-01-15,Monyin Market,1433,NA,NA
2022-01-15,Myitkyina Myoma Market,1573,1000,FALSE
2022-01-15,Sadung,1500,1500,TRUE
2022-01-15,Sanpya ward,1670,1400,FALSE
2022-01-15,Tanai Market,1420,2000,FALSE
2022-01-15,Waingmaw Myoma Market,1300,1000,FALSE
2022-01-15,Puta-O Myoma,1700,3000,FALSE
2022-01-15,Thiri Market,1400,NA,NA
2022-01-15,Kanthar,1380,1000,FALSE
2022-01-15,Natmauk Myoma Market,1225,1500,FALSE
2022-01-15,Minbu Myo Ma Market,1200,1000,FALSE
2022-01-15,Pakokku Myo Ma Market,1175,1067,FALSE
2022-01-15,Mingalar,1550,1600,FALSE
2022-01-15,MyoHaung,1500,NA,NA
2022-01-15,Nyaungpin,1300,NA,NA
2022-01-15,YaeNiMyaung,1300,NA,NA
2022-01-15,Meiktila,1250,1500,FALSE
2022-01-15,Yadanamenaung,1300,NA,NA
2022-01-15,ManiSithu,1300,1000,FALSE
2022-01-15,Mya Thida,1200,1000,FALSE
2022-01-15,Zay Cho,1200,1000,FALSE
2022-01-15,Bilin Myo Ma Market,1200,1000,FALSE
2022-01-15,Kyauk Ta Lone,1500,4000,FALSE
2022-01-15,Buthidaung,1670,2000,FALSE
2022-01-15,Ka Nyin Tan,1700,2500,FALSE
2022-01-15,Nyaung Chung,1700,2833,FALSE
2022-01-15,Ahpauk Wa,1500,NA,NA
2022-01-15,Kin Seik,1250,2000,FALSE
2022-01-15,Laung Kyet,1600,3500,FALSE
2022-01-15,Mrauk-U Main,1500,NA,NA
2022-01-15,Myebon Main,1500,3000,FALSE
2022-01-15,Na Rat Sar,1500,NA,NA
2022-01-15,Paung Toke,1700,2500,FALSE
2022-01-15,TaungPaw,1700,NA,NA
2022-01-15,Ah Nauk Pyin,2500,3000,FALSE
2022-01-15,Ah Nauk Ywe,1150,NA,NA
2022-01-15,Kyaukpyu Main,1500,3800,FALSE
2022-01-15,Kyein Ni Pyin,1700,NA,NA
2022-01-15,Nget Chaung,2000,NA,NA
2022-01-15,Nyaung Pin Gyi,2000,3000,FALSE
2022-01-15,Ohn Taw Gyi,1700,NA,NA
2022-01-15,Rathedaung,1650,3000,FALSE
2022-01-15,Say Tha Mar Gyi,2000,NA,NA
2022-01-15,Sin Tet Maw,1700,3000,FALSE
2022-01-15,Thae Chaung,1700,2400,FALSE
2022-01-15,Thet Kay Pyin,1650,NA,NA
2022-01-15,Gwa Myoma,1400,NA,NA
2022-01-15,Toungup Main,1400,2000,FALSE
2022-01-15,Home shop,2000,2142,FALSE
2022-01-15,Lahe,2000,4000,FALSE
2022-01-15,Municipal,2000,2142,FALSE
2022-01-15,Myoma,2000,4500,FALSE
2022-01-15,Mong Pawk,2631,3804,FALSE
2022-01-15,Lin Haw,2536,2536,TRUE
2022-01-15,Lower Ban Wai,2536,1902,FALSE
2022-01-15,Upper Ban Wai,2536,1902,FALSE
2022-01-15,Manton,1500,1700,FALSE
2022-01-15,Namtu,1400,1600,FALSE
2022-01-15,Galeng,2000,2300,FALSE
2022-01-15,Lashio Market,1300,1400,FALSE
2022-01-15,Laukkaing,2500,3000,FALSE
2022-01-15,Dein Aw,2631,3804,FALSE
2022-01-15,Nawng Hkit,2536,2536,TRUE
2022-01-15,Kutkai,2000,2200,FALSE
2022-01-15,Mong See,2300,2300,TRUE
2022-01-15,Nam Hpat Kar,2000,2200,FALSE
2022-01-15,Nam Kam,1500,2167,FALSE
2022-01-15,Kan Nar Market,1300,1767,FALSE
2022-01-15,Yebyu Market,1300,1800,FALSE
2022-01-15,Ngazalgwae,1250,2000,FALSE
2022-01-15,Zamyinzwel,1200,1800,FALSE
2022-01-15,Meegwet,1350,1950,FALSE
2022-01-15,YwarMa,1450,1900,FALSE
2022-01-15,Night Market,1167,1833,FALSE
2022-02-15,Tedim Municipal Market,1728,1833,FALSE
2022-02-15,Tonzang,1887,2000,FALSE
2022-02-15,Hakha Myoma Market,1667,2500,FALSE
2022-02-15,Raldunn Market,1667,2250,FALSE
2022-02-15,Paletwa Myoma Market,1667,2500,FALSE
2022-02-15,Sanbaung,1667,3000,FALSE
2022-02-15,Kanpetlet,1667,1300,FALSE
2022-02-15,Bhamo,1500,1500,TRUE
2022-02-15,Man Wein Gyi,1500,2833,FALSE
2022-02-15,Momauk,1450,1500,FALSE
2022-02-15,Shwegu,1500,2000,FALSE
2022-02-15,Hpakant Market,1600,2000,FALSE
2022-02-15,Maw Wan Market,1700,2000,FALSE
2022-02-15,Monyin Market,1653,NA,NA
2022-02-15,Chipwi Market,1700,1500,FALSE
2022-02-15,Myitkyina Myoma Market,1567,1000,FALSE
2022-02-15,Sadung,1633,1667,FALSE
2022-02-15,Sanpya ward,1800,1200,FALSE
2022-02-15,Tanai Market,1673,1800,FALSE
2022-02-15,Waingmaw Myoma Market,1483,1300,FALSE
2022-02-15,Lay Yin Kwin,1800,2000,FALSE
2022-02-15,Puta-O Myoma,1700,2500,FALSE
2022-02-15,Thiri Mingalar Market,1450,1000,FALSE
2022-02-15,Thiri Market,1475,NA,NA
2022-02-15,Kanthar,1440,850,FALSE
2022-02-15,Natmauk Myoma Market,1300,1000,FALSE
2022-02-15,Minbu Myo Ma Market,1400,633,FALSE
2022-02-15,Pakokku Myo Ma Market,1425,433,FALSE
2022-02-15,Mingalar,1725,2667,FALSE
2022-02-15,MyoHaung,1500,NA,NA
2022-02-15,Nyaungpin,1500,NA,NA
2022-02-15,YaeNiMyaung,1367,NA,NA
2022-02-15,Meiktila,1350,600,FALSE
2022-02-15,Yadanamenaung,1300,NA,NA
2022-02-15,ManiSithu,1300,900,FALSE
2022-02-15,Mya Thida,1400,1000,FALSE
2022-02-15,Zay Cho,1400,1000,FALSE
2022-02-15,Bilin Myo Ma Market,1400,1000,FALSE
2022-02-15,Kyauk Ta Lone,1500,3500,FALSE
2022-02-15,Buthidaung,1670,1500,FALSE
2022-02-15,Ka Nyin Tan,1670,1933,FALSE
2022-02-15,Nyaung Chung,1697,1433,FALSE
2022-02-15,Ahpauk Wa,1700,NA,NA
2022-02-15,Kin Seik,1600,2000,FALSE
2022-02-15,Minbya Main,1600,2000,FALSE
2022-02-15,Mrauk-U Main,1650,2500,FALSE
2022-02-15,Myebon Main,1600,2500,FALSE
2022-02-15,Na Rat Sar,2000,2500,FALSE
2022-02-15,Paung Toke,1700,1800,FALSE
2022-02-15,TaungPaw,2000,2750,FALSE
2022-02-15,Ah Nauk Pyin,2000,1500,FALSE
2022-02-15,Kyaukpyu Main,1300,2500,FALSE
2022-02-15,Kyein Ni Pyin,2000,NA,NA
2022-02-15,Nget Chaung,2000,NA,NA
2022-02-15,Nyaung Pin Gyi,2000,1500,FALSE
2022-02-15,Ohn Taw Gyi,1700,NA,NA
2022-02-15,Rathedaung,1800,1200,FALSE
2022-02-15,Say Tha Mar Gyi,1200,NA,NA
2022-02-15,Sin Tet Maw,2000,3000,FALSE
2022-02-15,Thae Chaung,1700,1600,FALSE
2022-02-15,Thet Kay Pyin,1700,NA,NA
2022-02-15,Gwa Myoma,1400,NA,NA
2022-02-15,Toungup Main,1400,2000,FALSE
2022-02-15,Home shop,2000,2142,FALSE
2022-02-15,Lahe,2000,4000,FALSE
2022-02-15,Municipal,2000,2142,FALSE
2022-02-15,Myoma,2000,4250,FALSE
2022-02-15,Mong Pawk,2639,3816,FALSE
2022-02-15,Lin Haw,2385,2544,FALSE
2022-02-15,Lower Ban Wai,2544,1908,FALSE
2022-02-15,Upper Ban Wai,2544,1908,FALSE
2022-02-15,Manton,1500,1600,FALSE
2022-02-15,Namtu,1400,1700,FALSE
2022-02-15,Galeng,2000,2300,FALSE
2022-02-15,Lashio Market,1400,800,FALSE
2022-02-15,Laukkaing,1800,1500,FALSE
2022-02-15,Dein Aw,2650,3816,FALSE
2022-02-15,Nawng Hkit,2385,2544,FALSE
2022-02-15,Kutkai,2100,2200,FALSE
2022-02-15,Mong See,2300,2300,TRUE
2022-02-15,Nam Hpat Kar,2267,2200,FALSE
2022-02-15,Nam Kam,1500,3500,FALSE
2022-02-15,Kan Nar Market,1733,1000,FALSE
2022-02-15,Yebyu Market,1600,1200,FALSE
2022-02-15,Ngazalgwae,1500,1500,TRUE
2022-02-15,Zamyinzwel,1400,1200,FALSE
2022-02-15,Meegwet,1450,1600,FALSE
2022-02-15,YwarMa,1467,1800,FALSE
2022-02-15,Night Market,1400,767,FALSE
2022-03-15,Tedim Municipal Market,1796,1796,TRUE
2022-03-15,Tonzang,2000,2000,TRUE
2022-03-15,Hakha Myoma Market,2000,2000,TRUE
2022-03-15,Raldunn Market,2000,2000,TRUE
2022-03-15,Paletwa Myoma Market,2000,2000,TRUE
2022-03-15,Sanbaung,1660,1660,TRUE
2022-03-15,Kanpetlet,1660,1660,TRUE
2022-03-15,Bhamo,1550,1550,TRUE
2022-03-15,Loijie,2100,2100,TRUE
2022-03-15,Man Wein Gyi,1500,1500,TRUE
2022-03-15,Momauk,1550,1550,TRUE
2022-03-15,Hpakant Market,1700,1700,TRUE
2022-03-15,Maw Wan Market,1700,1700,TRUE
2022-03-15,Monyin Market,1700,1700,TRUE
2022-03-15,Myitkyina Myoma Market,1733,1733,TRUE
2022-03-15,Sadung,1700,1700,TRUE
2022-03-15,Sanpya ward,1800,1800,TRUE
2022-03-15,Tanai Market,1800,1800,TRUE
2022-03-15,Waingmaw Myoma Market,1650,1650,TRUE
2022-03-15,Lay Yin Kwin,2000,2000,TRUE
2022-03-15,Puta-O Myoma,2000,2000,TRUE
2022-03-15,Thiri Mingalar Market,1500,1500,TRUE
2022-03-15,Hlaing Bwe Myo Ma market,1400,1400,TRUE
2022-03-15,Thiri Market,1600,1600,TRUE
2022-03-15,KawKareik Myo Ma Market,1400,1400,TRUE
2022-03-15,Kanthar,1500,1500,TRUE
2022-03-15,Minbu Myo Ma Market,1500,1500,TRUE
2022-03-15,Pakokku Myo Ma Market,1425,1425,TRUE
2022-03-15,Mingalar,2100,2100,TRUE
2022-03-15,MyoHaung,1500,1500,TRUE
2022-03-15,Nyaungpin,2000,2000,TRUE
2022-03-15,YaeNiMyaung,1700,1700,TRUE
2022-03-15,Meiktila,1300,1300,TRUE
2022-03-15,Yadanamenaung,1300,1300,TRUE
2022-03-15,ManiSithu,1400,1400,TRUE
2022-03-15,Zay Cho,1600,1600,TRUE
2022-03-15,Bilin Myo Ma Market,1800,1800,TRUE
2022-03-15,Kyauk Ta Lone,1700,1700,TRUE
2022-03-15,Buthidaung,1670,1670,TRUE
2022-03-15,Ka Nyin Tan,1700,1700,TRUE
2022-03-15,Nyaung Chung,5033,5033,TRUE
2022-03-15,Ahpauk Wa,1700,1700,TRUE
2022-03-15,Kin Seik,1250,1250,TRUE
2022-03-15,Laung Kyet,1600,1600,TRUE
2022-03-15,Minbya Main,1250,1250,TRUE
2022-03-15,Mrauk-U Main,1600,1600,TRUE
2022-03-15,Myebon Main,1800,1800,TRUE
2022-03-15,Na Rat Sar,1600,1600,TRUE
2022-03-15,Paung Toke,1500,1500,TRUE
2022-03-15,TaungPaw,2000,2000,TRUE
2022-03-15,Ah Nauk Pyin,2500,2500,TRUE
2022-03-15,Ah Nauk Ywe,1700,1700,TRUE
2022-03-15,Kyaukpyu Main,1500,1500,TRUE
2022-03-15,Kyein Ni Pyin,1700,1700,TRUE
2022-03-15,Nget Chaung,2000,2000,TRUE
2022-03-15,Nyaung Pin Gyi,2000,2000,TRUE
2022-03-15,Rathedaung,1800,1800,TRUE
2022-03-15,Say Tha Mar Gyi,1700,1700,TRUE
2022-03-15,Sin Tet Maw,2000,2000,TRUE
2022-03-15,Thae Chaung,1700,1700,TRUE
2022-03-15,Thet Kay Pyin,1700,1700,TRUE
2022-03-15,Gwa Myoma,1633,1633,TRUE
2022-03-15,Toungup Main,1450,1450,TRUE
2022-03-15,Home shop,2000,2000,TRUE
2022-03-15,Lahe,2000,2000,TRUE
2022-03-15,Municipal,2000,2000,TRUE
2022-03-15,Myoma,2000,2000,TRUE
2022-03-15,Mong Pawk,8,8,TRUE
2022-03-15,Lin Haw,8,8,TRUE
2022-03-15,Lower Ban Wai,8,8,TRUE
2022-03-15,Manton,1600,1600,TRUE
2022-03-15,Namtu,1500,1500,TRUE
2022-03-15,Galeng,2200,2200,TRUE
2022-03-15,Lashio Market,1500,1500,TRUE
2022-03-15,Laukkaing,2000,2000,TRUE
2022-03-15,Dein Aw,8,8,TRUE
2022-03-15,Nawng Hkit,7,7,TRUE
2022-03-15,Kutkai,2200,2200,TRUE
2022-03-15,Mong See,2500,2500,TRUE
2022-03-15,Nam Hpat Kar,2500,2500,TRUE
2022-03-15,Nam Kam,1500,1500,TRUE
2022-03-15,Kan Nar Market,1567,1567,TRUE
2022-03-15,Yebyu Market,1600,1600,TRUE
2022-03-15,Ngazalgwae,1500,1500,TRUE
2022-03-15,Zamyinzwel,1500,1500,TRUE
2022-03-15,Meegwet,1650,1650,TRUE
2022-03-15,YwarMa,1650,1650,TRUE
2022-03-15,Night Market,1333,1333,TRUE
2022-04-15,Tedim Municipal Market,1932,734,FALSE
2022-04-15,Tonzang,2000,959,FALSE
2022-04-15,Hakha Myoma Market,2000,1530,FALSE
2022-04-15,Raldunn Market,2000,1071,FALSE
2022-04-15,Matupi,2000,918,FALSE
2022-04-15,Paletwa Myoma Market,2000,918,FALSE
2022-04-15,Sanbaung,2000,918,FALSE
2022-04-15,Kanpetlet,2000,612,FALSE
2022-04-15,Bhamo Market,1800,337,FALSE
2022-04-15,Loijie,3150,578,FALSE
2022-04-15,Man Wein Gyi,1500,836,FALSE
2022-04-15,Momauk,1900,306,FALSE
2022-04-15,Shwegu,1850,184,FALSE
2022-04-15,Hpakant Market,2000,734,FALSE
2022-04-15,Maw Wan Market,2000,1224,FALSE
2022-04-15,Mogaung Market,2000,490,FALSE
2022-04-15,Monyin Market,1800,NA,NA
2022-04-15,Chipwi Market,2000,612,FALSE
2022-04-15,Myitkyina Myoma Market,2000,428,FALSE
2022-04-15,Sadung,2000,612,FALSE
2022-04-15,Sanpya ward,2000,428,FALSE
2022-04-15,Tanai Market,1720,816,FALSE
2022-04-15,Waingmaw Myoma Market,1900,612,FALSE
2022-04-15,Puta-O Myoma,2000,918,FALSE
2022-04-15,Yae Baw Market,2000,NA,NA
2022-04-15,KawKareik Myo Ma Market,1900,NA,NA
2022-04-15,Kanthar,1600,367,FALSE
2022-04-15,Natmauk Myoma Market,1533,367,FALSE
2022-04-15,Minbu Myo Ma Market,1650,306,FALSE
2022-04-15,Pakokku Myo Ma Market,1700,388,FALSE
2022-04-15,Mingalar,1850,581.5,FALSE
2022-04-15,MyoHaung,1700,NA,NA
2022-04-15,Nyaungpin,1500,NA,NA
2022-04-15,YaeNiMyaung,1483,NA,NA
2022-04-15,Meiktila,1700,NA,NA
2022-04-15,ManiSithu,1500,367,FALSE
2022-04-15,Zay Cho,1800,612,FALSE
2022-04-15,Bilin Myo Ma Market,1900,490,FALSE
2022-04-15,Kyauk Ta Lone,2000,1377,FALSE
2022-04-15,Buthidaung,2000,2000,TRUE
2022-04-15,Ka Nyin Tan,2133,2333,FALSE
2022-04-15,Nyaung Chung,2200,2500,FALSE
2022-04-15,Ahpauk Wa,2000,NA,NA
2022-04-15,Kin Seik,1600,918,FALSE
2022-04-15,Laung Kyet,1800,NA,NA
2022-04-15,Minbya Main,1533,918,FALSE
2022-04-15,Myebon Main,2000,918,FALSE
2022-04-15,Na Rat Sar,2000,NA,NA
2022-04-15,Paung Toke,1800,NA,NA
2022-04-15,TaungPaw,2000,918,FALSE
2022-04-15,Ah Nauk Pyin,3000,1836,FALSE
2022-04-15,Kyaukpyu Main,2000,1224,FALSE
2022-04-15,Kyein Ni Pyin,2000,NA,NA
2022-04-15,Nget Chaung,2000,NA,NA
2022-04-15,Nyaung Pin Gyi,2500,1836,FALSE
2022-04-15,Ohn Taw Gyi,2000,NA,NA
2022-04-15,Rathedaung Main,2100,1836,FALSE
2022-04-15,Say Tha Mar Gyi,2000,NA,NA
2022-04-15,Sin Tet Maw,2500,NA,NA
2022-04-15,Sittwe,2000,NA,NA
2022-04-15,Thae Chaung,2000,NA,NA
2022-04-15,Gwa Myoma,1400,NA,NA
2022-04-15,Toungup Main,1450,796,FALSE
2022-04-15,Home shop,2000,1224,FALSE
2022-04-15,Lahe,2000,2295,FALSE
2022-04-15,Municipal,2000,1224,FALSE
2022-04-15,Myoma,2625,2371,FALSE
2022-04-15,Manton,2000,1040,FALSE
2022-04-15,Namtu,1800,979,FALSE
2022-04-15,Galeng,2200,1530,FALSE
2022-04-15,Lashio Market,1650,490,FALSE
2022-04-15,Kutkai,2200,1530,FALSE
2022-04-15,Mong See,2500,1530,FALSE
2022-04-15,Mong Wee,2000,842,FALSE
2022-04-15,Namhkam Market,1500,918,FALSE
2022-04-15,Namphatkhar,2500,1530,FALSE
2022-04-15,Kan Nar Market,1600,612,FALSE
2022-04-15,Yebyu Market,1600,734,FALSE
2022-04-15,88 ward,1700,490,FALSE
2022-04-15,Ngazalgwae,1600,612,FALSE
2022-04-15,Thet Yet Pin Chaung,1800,NA,NA
2022-04-15,Zamyinzwel,1600,612,FALSE
2022-04-15,Meegwet,1650,673,FALSE
2022-04-15,Nawarat,1775,520,FALSE
2022-04-15,Pin Lone,1750,673,FALSE
2022-04-15,Shwepyitha,1767,612,FALSE
2022-04-15,YwarMa,1850,734,FALSE
2022-04-15,Aung Zaya,1700,490,FALSE
2022-04-15,Ka Mar Ka Sit,1750,734,FALSE
2022-04-15,Twantay Myoma,1800,459,FALSE
2022-04-15,Night Market,1800,734,FALSE
2022-05-15,Tedim Municipal Market,2000,1020,FALSE
2022-05-15,Tonzang,2500,1183,FALSE
2022-05-15,Hakha Myoma Market,2500,1224,FALSE
2022-05-15,Raldunn Market,2500,1224,FALSE
2022-05-15,Matupi,2500,918,FALSE
2022-05-15,Paletwa Myoma Market,2500,918,FALSE
2022-05-15,Sanbaung,2500,1132,FALSE
2022-05-15,Kanpetlet,2000,734,FALSE
2022-05-15,Bhamo,2200,796,FALSE
2022-05-15,Bhamo Market,2000,918,FALSE
2022-05-15,Loijie,2898,1182,FALSE
2022-05-15,Man Wein Gyi,2233,857,FALSE
2022-05-15,Momauk,2000,306,FALSE
2022-05-15,Shwegu,1967,816,FALSE
2022-05-15,Hpakant Market,2000,918,FALSE
2022-05-15,Maw Wan Market,2250,1163,FALSE
2022-05-15,Monyin Market,1960,428,FALSE
2022-05-15,Chipwi Market,2500,918,FALSE
2022-05-15,Myitkyina Myoma Market,1867,673,FALSE
2022-05-15,Sadung,2000,612,FALSE
2022-05-15,Sanpya ward,2000,734,FALSE
2022-05-15,Tanai Market,2100,783,FALSE
2022-05-15,Waingmaw Myoma Market,2000,571,FALSE
2022-05-15,Puta-O Myoma,2500,1224,FALSE
2022-05-15,Hpasaung,2000,734,FALSE
2022-05-15,Thiri Mingalar Market,1800,NA,NA
2022-05-15,Yae Baw Market,2000,NA,NA
2022-05-15,KawKareik Myo Ma Market,2000,NA,NA
2022-05-15,Kanthar,1880,612,FALSE
2022-05-15,Natmauk Myoma Market,1967,612,FALSE
2022-05-15,Minbu Myo Ma Market,1817,734,FALSE
2022-05-15,Pakokku Myo Ma Market,1733,734,FALSE
2022-05-15,Mingalar,2000,795.5,FALSE
2022-05-15,MyoHaung,2000,NA,NA
2022-05-15,Nyaungpin,1700,NA,NA
2022-05-15,YaeNiMyaung,1867,673,FALSE
2022-05-15,Meiktila,2000,1346,FALSE
2022-05-15,ManiSithu,2000,734,FALSE
2022-05-15,Bilin Myo Ma Market,2100,NA,NA
2022-05-15,Buthidaung,2000,2467,FALSE
2022-05-15,Ka Nyin Tan,2000,2700,FALSE
2022-05-15,Nyaung Chung,2200,2933,FALSE
2022-05-15,Ahpauk Wa,2500,NA,NA
2022-05-15,Kin Seik,2000,2448,FALSE
2022-05-15,Laung Kyet,2000,NA,NA
2022-05-15,Minbya Main,2000,2448,FALSE
2022-05-15,Mrauk-U Main,2000,NA,NA
2022-05-15,Myebon Main,2000,NA,NA
2022-05-15,Na Rat Sar,2000,NA,NA
2022-05-15,Paung Toke,2000,NA,NA
2022-05-15,TaungPaw,2500,NA,NA
2022-05-15,Ah Nauk Pyin,3000,1836,FALSE
2022-05-15,Kyaukpyu Main,1800,1224,FALSE
2022-05-15,Kyein Ni Pyin,2500,NA,NA
2022-05-15,Nget Chaung,2000,NA,NA
2022-05-15,Nyaung Pin Gyi,2500,1836,FALSE
2022-05-15,Ohn Taw Gyi,2500,NA,NA
2022-05-15,Rathedaung Main,2100,1836,FALSE
2022-05-15,Say Tha Mar Gyi,2500,NA,NA
2022-05-15,Sin Tet Maw,2500,NA,NA
2022-05-15,Thae Chaung,2000,NA,NA
2022-05-15,Thet Kay Pyin,2000,NA,NA
2022-05-15,Gwa Myoma,2000,NA,NA
2022-05-15,Toungup Main,1600,1102,FALSE
2022-05-15,Home shop,2500,1530,FALSE
2022-05-15,Lahe,2000,2142,FALSE
2022-05-15,Municipal,2500,1530,FALSE
2022-05-15,Myoma,2500,1453,FALSE
2022-05-15,Manton,2200,1040,FALSE
2022-05-15,Namtu,1900,979,FALSE
2022-05-15,Galeng,2500,NA,NA
2022-05-15,Lashio Market,1700,612,FALSE
2022-05-15,Kutkai,2500,1530,FALSE
2022-05-15,Mong See,2400,1499,FALSE
2022-05-15,Mong Wee,2500,918,FALSE
2022-05-15,Namhkam Market,2133,826,FALSE
2022-05-15,Namphatkhar,2500,1408,FALSE
2022-05-15,Kan Nar Market,1600,826,FALSE
2022-05-15,Yebyu Market,1667,826,FALSE
2022-05-15,Ngazalgwae,1900,734,FALSE
2022-05-15,Zamyinzwel,1900,918,FALSE
2022-05-15,Meegwet,1950,979,FALSE
2022-05-15,Shwepyitha,1867,836,FALSE
2022-05-15,YwarMa,1950,1040,FALSE
2022-05-15,Twantay Myoma,1800,765,FALSE
2022-05-15,Night Market,1867,877,FALSE
